has,prefers,count
"Stanford","Stanford",20
"MIT","MIT",23
"Harvard","Harvard",60
"UC Berkeley","UC Berkeley",4
"Rochester","Rochester",2
"Chicago","Chicago",12
"Cornell","Cornell",2
"Northwestern","Northwestern",10
"Michigan","Michigan",15
"Columbia","Columbia",9
"Yale","Yale",10
"UPenn","UPenn",8
"Carnegie Mellon","Carnegie Mellon",3
"Wisconsin","Wisconsin",7
"UCLA","UCLA",5
"NYU","NYU",9
"Minnesota","Minnesota",5
"Illinois, Urb. Champ.","Illinois, Urb. Champ.",5
"Duke","Duke",6
"Purdue","Purdue",9
"Ohio State","Ohio State",8
"Iowa","Iowa",9
"UNC","UNC",11
"Wash. U. in St. Louis","Wash. U. in St. Louis",0
"Florida","Florida",3
"UT Austin","UT Austin",10
"Pittsburgh","Pittsburgh",2
"Penn State","Penn State",5
"Washington","Washington",3
"Maryland","Maryland",3
"Indiana","Indiana",13
"Michigan State","Michigan State",15
"Georgia Tech","Georgia Tech",3
"Colorado, Boulder","Colorado, Boulder",0
"UC Irvine","UC Irvine",0
"Arizona","Arizona",3
"Utah","Utah",0
"Oregon","Oregon",1
"USC","USC",20
"SUNY Buffalo","SUNY Buffalo",1
"UT Dallas","UT Dallas",2
"Virginia","Virginia",3
"Boston","Boston",5
"UMass Amherst","UMass Amherst",8
"TexasAM","TexasAM",3
"Emory","Emory",1
"Case Western","Case Western",8
"UC Davis","UC Davis",1
"Georgia","Georgia",3
"Vanderbilt","Vanderbilt",1
"Syracuse","Syracuse",2
"Claremont","Claremont",0
"Arizona State","Arizona State",4
"South Carolina","South Carolina",0
"Virginia Tech","Virginia Tech",8
"Florida State","Florida State",8
"Oklahoma","Oklahoma",7
"Tulane","Tulane",2
"UConn","UConn",3
"Boston College","Boston College",2
"Cincinnati","Cincinnati",3
"Houston","Houston",13
"Rutgers","Rutgers",1
"Kansas","Kansas",3
"Louisiana State","Louisiana State",3
"Arkansas","Arkansas",4
"Tennessee","Tennessee",7
"Dartmouth","Dartmouth",0
"Kentucky","Kentucky",6
"Rice","Rice",1
"SMU","SMU",0
"Temple","Temple",8
"George Washington","George Washington",10
"Alabama","Alabama",3
"Oklahoma State","Oklahoma State",7
"SUNY Binghamton","SUNY Binghamton",1
"Iowa State","Iowa State",1
"CUNY Baruch","CUNY Baruch",0
"Hawaii","Hawaii",0
"Mississippi","Mississippi",1
"Missouri, St. Louis","Missouri, St. Louis",0
"Georgetown","Georgetown",0
"Drexel","Drexel",2
"Auburn","Auburn",0
"Notre Dame","Notre Dame",3
"NC State","NC State",1
"Miami","Miami",1
"Saint Louis","Saint Louis",6
"Worcester","Worcester",0
"William and Mary","William and Mary",1
"Clarkson","Clarkson",0
"Brigham Young","Brigham Young",1
"Fordham","Fordham",1
"Santa Clara","Santa Clara",0
"Portland State","Portland State",1
"Rollins","Rollins",0
"Northeastern","Northeastern",0
"Miami at Ohio","Miami at Ohio",0
"Bentley","Bentley",0
"Howard","Howard",3
"Rochester Inst. Tech.","Rochester Inst. Tech.",0
"Texas Christian","Texas Christian",0
"Abilene","Abilene",0
"Babson","Babson",0
"Pepperdine","Pepperdine",0
"Denver","Denver",0
"Wake Forest","Wake Forest",0
"Thunderbird","Thunderbird",0
"Pace","Pace",0
"Baylor","Baylor",2
"DePaul","DePaul",2
"Hofstra","Hofstra",2
"MIT","Stanford",10
"Harvard","Stanford",9
"UC Berkeley","Stanford",6
"Rochester","Stanford",3
"Chicago","Stanford",2
"Cornell","Stanford",2
"Northwestern","Stanford",4
"Michigan","Stanford",2
"Columbia","Stanford",1
"Yale","Stanford",6
"UPenn","Stanford",2
"Carnegie Mellon","Stanford",3
"Wisconsin","Stanford",1
"UCLA","Stanford",5
"NYU","Stanford",1
"Minnesota","Stanford",1
"Duke","Stanford",4
"Ohio State","Stanford",2
"Iowa","Stanford",1
"UNC","Stanford",1
"UT Austin","Stanford",1
"USC","Stanford",1
"Case Western","Stanford",1
"Kansas","Stanford",1
"Georgetown","Stanford",1
"Denver","Stanford",1
"Stanford","MIT",22
"Harvard","MIT",12
"UC Berkeley","MIT",4
"Rochester","MIT",1
"Chicago","MIT",11
"Cornell","MIT",3
"Northwestern","MIT",1
"Michigan","MIT",2
"Columbia","MIT",2
"Yale","MIT",2
"UPenn","MIT",6
"Wisconsin","MIT",2
"NYU","MIT",2
"Ohio State","MIT",1
"Iowa","MIT",1
"UNC","MIT",1
"Penn State","MIT",1
"Washington","MIT",1
"UC Irvine","MIT",1
"Arizona State","MIT",1
"Stanford","Harvard",21
"MIT","Harvard",25
"UC Berkeley","Harvard",6
"Rochester","Harvard",4
"Chicago","Harvard",7
"Cornell","Harvard",4
"Northwestern","Harvard",7
"Michigan","Harvard",6
"Columbia","Harvard",6
"Yale","Harvard",3
"UPenn","Harvard",6
"Carnegie Mellon","Harvard",4
"UCLA","Harvard",4
"NYU","Harvard",4
"Duke","Harvard",3
"Purdue","Harvard",3
"Pittsburgh","Harvard",2
"Arizona","Harvard",1
"Boston","Harvard",1
"Stanford","UC Berkeley",18
"MIT","UC Berkeley",10
"Harvard","UC Berkeley",8
"Rochester","UC Berkeley",2
"Chicago","UC Berkeley",3
"Cornell","UC Berkeley",1
"Northwestern","UC Berkeley",2
"Michigan","UC Berkeley",1
"Columbia","UC Berkeley",2
"Yale","UC Berkeley",3
"UPenn","UC Berkeley",3
"Wisconsin","UC Berkeley",5
"UCLA","UC Berkeley",1
"NYU","UC Berkeley",1
"Minnesota","UC Berkeley",1
"UNC","UC Berkeley",1
"Florida","UC Berkeley",1
"Penn State","UC Berkeley",1
"Washington","UC Berkeley",1
"Northeastern","UC Berkeley",2
"Stanford","Rochester",2
"MIT","Rochester",3
"Harvard","Rochester",2
"UC Berkeley","Rochester",2
"Chicago","Rochester",4
"Northwestern","Rochester",3
"Columbia","Rochester",1
"UPenn","Rochester",2
"Carnegie Mellon","Rochester",1
"UCLA","Rochester",1
"NYU","Rochester",2
"Duke","Rochester",1
"Purdue","Rochester",1
"UNC","Rochester",2
"Georgia Tech","Rochester",1
"Arizona","Rochester",1
"Oregon","Rochester",1
"SUNY Buffalo","Rochester",1
"Case Western","Rochester",1
"Tulane","Rochester",1
"Stanford","Chicago",6
"MIT","Chicago",18
"Harvard","Chicago",17
"UC Berkeley","Chicago",3
"Rochester","Chicago",3
"Cornell","Chicago",4
"Northwestern","Chicago",4
"Michigan","Chicago",6
"Columbia","Chicago",2
"Yale","Chicago",7
"UPenn","Chicago",4
"Carnegie Mellon","Chicago",1
"Wisconsin","Chicago",1
"UCLA","Chicago",4
"NYU","Chicago",2
"Illinois, Urb. Champ.","Chicago",1
"Duke","Chicago",3
"Purdue","Chicago",1
"UNC","Chicago",1
"Pittsburgh","Chicago",1
"Penn State","Chicago",1
"Washington","Chicago",1
"Maryland","Chicago",1
"Indiana","Chicago",1
"Georgia Tech","Chicago",2
"Arizona","Chicago",1
"SUNY Buffalo","Chicago",1
"Cincinnati","Chicago",1
"Stanford","Cornell",2
"MIT","Cornell",3
"Harvard","Cornell",1
"UC Berkeley","Cornell",3
"Chicago","Cornell",4
"Northwestern","Cornell",3
"Michigan","Cornell",7
"Columbia","Cornell",1
"Yale","Cornell",2
"UPenn","Cornell",4
"Carnegie Mellon","Cornell",2
"UCLA","Cornell",2
"NYU","Cornell",3
"Illinois, Urb. Champ.","Cornell",4
"Duke","Cornell",1
"Ohio State","Cornell",2
"Florida","Cornell",1
"Penn State","Cornell",1
"Stanford","Northwestern",21
"MIT","Northwestern",19
"Harvard","Northwestern",9
"UC Berkeley","Northwestern",4
"Rochester","Northwestern",6
"Chicago","Northwestern",5
"Cornell","Northwestern",4
"Michigan","Northwestern",3
"Columbia","Northwestern",7
"Yale","Northwestern",2
"UPenn","Northwestern",8
"Carnegie Mellon","Northwestern",2
"Wisconsin","Northwestern",2
"NYU","Northwestern",1
"Minnesota","Northwestern",1
"Illinois, Urb. Champ.","Northwestern",2
"Duke","Northwestern",4
"Purdue","Northwestern",1
"Ohio State","Northwestern",3
"UNC","Northwestern",1
"Wash. U. in St. Louis","Northwestern",1
"UT Austin","Northwestern",1
"Pittsburgh","Northwestern",1
"Penn State","Northwestern",1
"Maryland","Northwestern",2
"Indiana","Northwestern",1
"Michigan State","Northwestern",1
"Georgia Tech","Northwestern",1
"Arizona","Northwestern",1
"Boston","Northwestern",1
"TexasAM","Northwestern",1
"Stanford","Michigan",10
"MIT","Michigan",4
"Harvard","Michigan",7
"UC Berkeley","Michigan",1
"Rochester","Michigan",3
"Chicago","Michigan",6
"Cornell","Michigan",1
"Northwestern","Michigan",12
"Columbia","Michigan",3
"Yale","Michigan",3
"UPenn","Michigan",11
"Carnegie Mellon","Michigan",6
"Wisconsin","Michigan",1
"UCLA","Michigan",2
"NYU","Michigan",3
"Illinois, Urb. Champ.","Michigan",1
"Duke","Michigan",1
"Purdue","Michigan",1
"Ohio State","Michigan",1
"UNC","Michigan",3
"UT Austin","Michigan",1
"Penn State","Michigan",2
"Maryland","Michigan",1
"Michigan State","Michigan",2
"UC Irvine","Michigan",1
"USC","Michigan",1
"SUNY Buffalo","Michigan",1
"Cincinnati","Michigan",1
"Stanford","Columbia",17
"MIT","Columbia",15
"Harvard","Columbia",13
"UC Berkeley","Columbia",6
"Chicago","Columbia",7
"Cornell","Columbia",5
"Northwestern","Columbia",4
"Michigan","Columbia",2
"Yale","Columbia",3
"UPenn","Columbia",6
"Carnegie Mellon","Columbia",5
"UCLA","Columbia",1
"NYU","Columbia",7
"Duke","Columbia",1
"Purdue","Columbia",1
"UNC","Columbia",1
"Florida","Columbia",1
"Washington","Columbia",2
"USC","Columbia",1
"Dartmouth","Columbia",1
"Stanford","Yale",3
"MIT","Yale",11
"Harvard","Yale",9
"UC Berkeley","Yale",2
"Rochester","Yale",2
"Chicago","Yale",5
"Cornell","Yale",2
"Michigan","Yale",4
"Columbia","Yale",2
"UPenn","Yale",1
"Carnegie Mellon","Yale",5
"Wisconsin","Yale",1
"UCLA","Yale",1
"NYU","Yale",3
"Minnesota","Yale",1
"Duke","Yale",1
"Maryland","Yale",1
"Stanford","UPenn",23
"MIT","UPenn",27
"Harvard","UPenn",30
"UC Berkeley","UPenn",10
"Rochester","UPenn",4
"Chicago","UPenn",19
"Cornell","UPenn",8
"Northwestern","UPenn",8
"Michigan","UPenn",8
"Columbia","UPenn",8
"Yale","UPenn",4
"Carnegie Mellon","UPenn",5
"Wisconsin","UPenn",2
"UCLA","UPenn",2
"NYU","UPenn",2
"Minnesota","UPenn",3
"Illinois, Urb. Champ.","UPenn",2
"Duke","UPenn",4
"Purdue","UPenn",1
"Iowa","UPenn",1
"UNC","UPenn",1
"Florida","UPenn",1
"UT Austin","UPenn",3
"Penn State","UPenn",1
"Maryland","UPenn",1
"Indiana","UPenn",1
"Arizona","UPenn",1
"SUNY Buffalo","UPenn",1
"Virginia","UPenn",1
"TexasAM","UPenn",1
"Boston College","UPenn",1
"Rutgers","UPenn",1
"Kansas","UPenn",1
"Iowa State","UPenn",1
"Georgetown","UPenn",1
"Stanford","Carnegie Mellon",7
"MIT","Carnegie Mellon",3
"Harvard","Carnegie Mellon",2
"UC Berkeley","Carnegie Mellon",1
"Rochester","Carnegie Mellon",2
"Chicago","Carnegie Mellon",4
"Cornell","Carnegie Mellon",4
"Northwestern","Carnegie Mellon",4
"Michigan","Carnegie Mellon",4
"Columbia","Carnegie Mellon",2
"Yale","Carnegie Mellon",1
"UPenn","Carnegie Mellon",4
"Wisconsin","Carnegie Mellon",5
"UCLA","Carnegie Mellon",3
"NYU","Carnegie Mellon",1
"Minnesota","Carnegie Mellon",5
"Purdue","Carnegie Mellon",2
"Ohio State","Carnegie Mellon",1
"UNC","Carnegie Mellon",1
"Florida","Carnegie Mellon",2
"Pittsburgh","Carnegie Mellon",1
"Penn State","Carnegie Mellon",1
"Washington","Carnegie Mellon",1
"Georgia Tech","Carnegie Mellon",2
"UC Irvine","Carnegie Mellon",1
"USC","Carnegie Mellon",1
"Houston","Carnegie Mellon",1
"Tennessee","Carnegie Mellon",1
"Rice","Carnegie Mellon",2
"Stanford","Wisconsin",3
"MIT","Wisconsin",1
"Harvard","Wisconsin",1
"UC Berkeley","Wisconsin",1
"Chicago","Wisconsin",3
"Cornell","Wisconsin",2
"Northwestern","Wisconsin",3
"Michigan","Wisconsin",4
"Yale","Wisconsin",1
"UPenn","Wisconsin",6
"UCLA","Wisconsin",1
"Minnesota","Wisconsin",3
"Illinois, Urb. Champ.","Wisconsin",3
"Duke","Wisconsin",1
"Purdue","Wisconsin",1
"Ohio State","Wisconsin",2
"Iowa","Wisconsin",3
"UNC","Wisconsin",2
"UT Austin","Wisconsin",1
"Maryland","Wisconsin",1
"Indiana","Wisconsin",1
"Michigan State","Wisconsin",1
"Georgia Tech","Wisconsin",1
"Arizona","Wisconsin",1
"USC","Wisconsin",1
"TexasAM","Wisconsin",1
"Emory","Wisconsin",1
"UConn","Wisconsin",1
"Tennessee","Wisconsin",1
"George Washington","Wisconsin",1
"Stanford","UCLA",17
"MIT","UCLA",8
"Harvard","UCLA",8
"UC Berkeley","UCLA",10
"Chicago","UCLA",12
"Cornell","UCLA",1
"Northwestern","UCLA",2
"Michigan","UCLA",3
"Columbia","UCLA",3
"Yale","UCLA",2
"UPenn","UCLA",2
"Carnegie Mellon","UCLA",1
"Wisconsin","UCLA",2
"Duke","UCLA",2
"Purdue","UCLA",2
"UT Austin","UCLA",1
"Washington","UCLA",1
"Maryland","UCLA",1
"Indiana","UCLA",1
"Arizona State","UCLA",2
"Stanford","NYU",20
"MIT","NYU",10
"Harvard","NYU",15
"UC Berkeley","NYU",6
"Rochester","NYU",5
"Chicago","NYU",11
"Cornell","NYU",5
"Northwestern","NYU",10
"Michigan","NYU",3
"Columbia","NYU",12
"Yale","NYU",2
"UPenn","NYU",12
"Carnegie Mellon","NYU",4
"Wisconsin","NYU",1
"UCLA","NYU",2
"Minnesota","NYU",1
"Duke","NYU",2
"Ohio State","NYU",1
"Iowa","NYU",1
"Florida","NYU",2
"Pittsburgh","NYU",4
"Washington","NYU",2
"Indiana","NYU",1
"Michigan State","NYU",1
"Georgia Tech","NYU",1
"UC Irvine","NYU",1
"George Washington","NYU",1
"Iowa State","NYU",1
"Stanford","Minnesota",5
"MIT","Minnesota",2
"Harvard","Minnesota",3
"UC Berkeley","Minnesota",3
"Rochester","Minnesota",2
"Chicago","Minnesota",3
"Northwestern","Minnesota",7
"Michigan","Minnesota",4
"Columbia","Minnesota",4
"Yale","Minnesota",1
"UPenn","Minnesota",8
"Carnegie Mellon","Minnesota",3
"Wisconsin","Minnesota",7
"NYU","Minnesota",6
"Illinois, Urb. Champ.","Minnesota",7
"Purdue","Minnesota",2
"Ohio State","Minnesota",5
"Iowa","Minnesota",4
"UNC","Minnesota",1
"UT Austin","Minnesota",2
"Maryland","Minnesota",3
"Indiana","Minnesota",1
"Michigan State","Minnesota",1
"USC","Minnesota",1
"UT Dallas","Minnesota",1
"Boston","Minnesota",2
"Case Western","Minnesota",1
"Georgia","Minnesota",1
"Arizona State","Minnesota",1
"Virginia Tech","Minnesota",1
"Tulane","Minnesota",1
"UConn","Minnesota",1
"Arkansas","Minnesota",2
"Dartmouth","Minnesota",1
"George Washington","Minnesota",1
"Iowa State","Minnesota",1
"Mississippi","Minnesota",1
"Stanford","Illinois, Urb. Champ.",2
"MIT","Illinois, Urb. Champ.",4
"Harvard","Illinois, Urb. Champ.",4
"UC Berkeley","Illinois, Urb. Champ.",7
"Rochester","Illinois, Urb. Champ.",2
"Chicago","Illinois, Urb. Champ.",3
"Cornell","Illinois, Urb. Champ.",5
"Northwestern","Illinois, Urb. Champ.",4
"Michigan","Illinois, Urb. Champ.",7
"Columbia","Illinois, Urb. Champ.",2
"UPenn","Illinois, Urb. Champ.",1
"Carnegie Mellon","Illinois, Urb. Champ.",1
"Wisconsin","Illinois, Urb. Champ.",1
"UCLA","Illinois, Urb. Champ.",1
"NYU","Illinois, Urb. Champ.",2
"Minnesota","Illinois, Urb. Champ.",3
"Duke","Illinois, Urb. Champ.",1
"Purdue","Illinois, Urb. Champ.",3
"Ohio State","Illinois, Urb. Champ.",4
"Iowa","Illinois, Urb. Champ.",1
"Florida","Illinois, Urb. Champ.",2
"UT Austin","Illinois, Urb. Champ.",5
"Penn State","Illinois, Urb. Champ.",2
"Washington","Illinois, Urb. Champ.",1
"Indiana","Illinois, Urb. Champ.",1
"Arizona","Illinois, Urb. Champ.",1
"USC","Illinois, Urb. Champ.",2
"SUNY Buffalo","Illinois, Urb. Champ.",1
"Virginia","Illinois, Urb. Champ.",1
"Boston","Illinois, Urb. Champ.",1
"TexasAM","Illinois, Urb. Champ.",1
"Virginia Tech","Illinois, Urb. Champ.",1
"Tulane","Illinois, Urb. Champ.",1
"Houston","Illinois, Urb. Champ.",1
"Tennessee","Illinois, Urb. Champ.",2
"Stanford","Duke",10
"MIT","Duke",4
"Harvard","Duke",1
"UC Berkeley","Duke",6
"Chicago","Duke",9
"Cornell","Duke",1
"Northwestern","Duke",5
"Michigan","Duke",4
"Columbia","Duke",4
"Yale","Duke",2
"UPenn","Duke",5
"Carnegie Mellon","Duke",4
"UCLA","Duke",1
"NYU","Duke",4
"Minnesota","Duke",2
"Illinois, Urb. Champ.","Duke",2
"Iowa","Duke",1
"UNC","Duke",2
"UT Austin","Duke",2
"Pittsburgh","Duke",1
"UC Irvine","Duke",2
"Virginia","Duke",1
"Rutgers","Duke",1
"Iowa State","Duke",1
"NC State","Duke",1
"Stanford","Purdue",2
"MIT","Purdue",2
"UC Berkeley","Purdue",1
"Rochester","Purdue",3
"Chicago","Purdue",3
"Cornell","Purdue",2
"Northwestern","Purdue",1
"Michigan","Purdue",6
"Columbia","Purdue",3
"Yale","Purdue",2
"UPenn","Purdue",4
"Carnegie Mellon","Purdue",6
"Wisconsin","Purdue",1
"UCLA","Purdue",2
"Minnesota","Purdue",3
"Illinois, Urb. Champ.","Purdue",1
"Ohio State","Purdue",1
"Iowa","Purdue",3
"Wash. U. in St. Louis","Purdue",1
"Florida","Purdue",3
"Pittsburgh","Purdue",1
"Penn State","Purdue",1
"Washington","Purdue",1
"Michigan State","Purdue",2
"Georgia Tech","Purdue",1
"Boston","Purdue",1
"Emory","Purdue",1
"Georgia","Purdue",1
"Louisiana State","Purdue",1
"Tennessee","Purdue",1
"Kentucky","Purdue",1
"NC State","Purdue",1
"Stanford","Ohio State",1
"MIT","Ohio State",6
"Harvard","Ohio State",1
"UC Berkeley","Ohio State",2
"Rochester","Ohio State",4
"Chicago","Ohio State",8
"Cornell","Ohio State",2
"Northwestern","Ohio State",2
"Michigan","Ohio State",1
"Columbia","Ohio State",2
"Yale","Ohio State",1
"UPenn","Ohio State",4
"Carnegie Mellon","Ohio State",1
"Wisconsin","Ohio State",5
"UCLA","Ohio State",2
"NYU","Ohio State",2
"Minnesota","Ohio State",7
"Illinois, Urb. Champ.","Ohio State",2
"Purdue","Ohio State",1
"Iowa","Ohio State",1
"UNC","Ohio State",2
"UT Austin","Ohio State",1
"Penn State","Ohio State",3
"Maryland","Ohio State",1
"Indiana","Ohio State",1
"Michigan State","Ohio State",5
"Colorado, Boulder","Ohio State",1
"Arizona","Ohio State",1
"Boston","Ohio State",1
"Houston","Ohio State",1
"Kansas","Ohio State",1
"Tennessee","Ohio State",1
"George Washington","Ohio State",1
"Stanford","Iowa",4
"UC Berkeley","Iowa",2
"Rochester","Iowa",2
"Chicago","Iowa",2
"Cornell","Iowa",2
"Northwestern","Iowa",6
"Michigan","Iowa",6
"Columbia","Iowa",1
"UPenn","Iowa",3
"Wisconsin","Iowa",6
"UCLA","Iowa",1
"NYU","Iowa",1
"Minnesota","Iowa",5
"Illinois, Urb. Champ.","Iowa",1
"Purdue","Iowa",3
"Ohio State","Iowa",1
"Wash. U. in St. Louis","Iowa",4
"Florida","Iowa",2
"Maryland","Iowa",1
"Michigan State","Iowa",1
"Georgia Tech","Iowa",2
"Utah","Iowa",1
"Arizona State","Iowa",1
"Boston College","Iowa",1
"Kansas","Iowa",1
"Stanford","UNC",10
"MIT","UNC",3
"Harvard","UNC",3
"UC Berkeley","UNC",1
"Rochester","UNC",1
"Chicago","UNC",4
"Cornell","UNC",4
"Northwestern","UNC",5
"Michigan","UNC",7
"Yale","UNC",1
"UPenn","UNC",11
"Carnegie Mellon","UNC",3
"Wisconsin","UNC",1
"NYU","UNC",4
"Minnesota","UNC",1
"Duke","UNC",2
"Ohio State","UNC",2
"Iowa","UNC",1
"UT Austin","UNC",2
"Pittsburgh","UNC",1
"Penn State","UNC",3
"Washington","UNC",1
"Maryland","UNC",2
"Indiana","UNC",2
"Michigan State","UNC",1
"Georgia Tech","UNC",1
"Arizona","UNC",2
"Utah","UNC",1
"USC","UNC",1
"UMass Amherst","UNC",1
"TexasAM","UNC",1
"South Carolina","UNC",1
"Oklahoma","UNC",1
"UConn","UNC",1
"Iowa State","UNC",1
"NC State","UNC",1
"Stanford","Wash. U. in St. Louis",6
"MIT","Wash. U. in St. Louis",3
"Harvard","Wash. U. in St. Louis",3
"UC Berkeley","Wash. U. in St. Louis",5
"Rochester","Wash. U. in St. Louis",2
"Chicago","Wash. U. in St. Louis",2
"Cornell","Wash. U. in St. Louis",2
"Northwestern","Wash. U. in St. Louis",3
"Michigan","Wash. U. in St. Louis",2
"Columbia","Wash. U. in St. Louis",2
"Yale","Wash. U. in St. Louis",3
"UPenn","Wash. U. in St. Louis",3
"Carnegie Mellon","Wash. U. in St. Louis",2
"UCLA","Wash. U. in St. Louis",2
"NYU","Wash. U. in St. Louis",1
"Minnesota","Wash. U. in St. Louis",4
"Illinois, Urb. Champ.","Wash. U. in St. Louis",2
"Duke","Wash. U. in St. Louis",4
"Iowa","Wash. U. in St. Louis",1
"UNC","Wash. U. in St. Louis",3
"UT Austin","Wash. U. in St. Louis",1
"Indiana","Wash. U. in St. Louis",1
"Arizona","Wash. U. in St. Louis",2
"Emory","Wash. U. in St. Louis",1
"Case Western","Wash. U. in St. Louis",1
"Stanford","Florida",4
"MIT","Florida",2
"Rochester","Florida",3
"Chicago","Florida",2
"Cornell","Florida",1
"Northwestern","Florida",2
"Michigan","Florida",4
"Columbia","Florida",1
"Yale","Florida",3
"UPenn","Florida",3
"Carnegie Mellon","Florida",2
"Wisconsin","Florida",3
"NYU","Florida",5
"Minnesota","Florida",1
"Illinois, Urb. Champ.","Florida",3
"Duke","Florida",1
"Purdue","Florida",1
"Ohio State","Florida",1
"Iowa","Florida",1
"UNC","Florida",1
"Wash. U. in St. Louis","Florida",1
"UT Austin","Florida",2
"Pittsburgh","Florida",2
"Penn State","Florida",1
"Maryland","Florida",1
"Indiana","Florida",2
"Michigan State","Florida",1
"Georgia Tech","Florida",1
"Arizona","Florida",1
"UT Dallas","Florida",1
"TexasAM","Florida",1
"Emory","Florida",4
"Claremont","Florida",1
"Temple","Florida",1
"Stanford","UT Austin",9
"MIT","UT Austin",8
"UC Berkeley","UT Austin",7
"Rochester","UT Austin",1
"Chicago","UT Austin",2
"Cornell","UT Austin",2
"Northwestern","UT Austin",3
"Michigan","UT Austin",6
"Columbia","UT Austin",1
"UPenn","UT Austin",1
"Carnegie Mellon","UT Austin",8
"Wisconsin","UT Austin",1
"UCLA","UT Austin",3
"NYU","UT Austin",5
"Minnesota","UT Austin",6
"Illinois, Urb. Champ.","UT Austin",3
"Duke","UT Austin",5
"Purdue","UT Austin",2
"Ohio State","UT Austin",1
"Iowa","UT Austin",2
"Florida","UT Austin",2
"Penn State","UT Austin",4
"Washington","UT Austin",2
"Maryland","UT Austin",1
"Indiana","UT Austin",3
"Michigan State","UT Austin",3
"Colorado, Boulder","UT Austin",3
"UC Irvine","UT Austin",1
"Arizona","UT Austin",1
"USC","UT Austin",2
"UT Dallas","UT Austin",1
"Boston","UT Austin",1
"TexasAM","UT Austin",1
"Emory","UT Austin",1
"Case Western","UT Austin",1
"Arizona State","UT Austin",1
"Tennessee","UT Austin",1
"Stanford","Pittsburgh",1
"MIT","Pittsburgh",1
"Harvard","Pittsburgh",1
"UC Berkeley","Pittsburgh",2
"Rochester","Pittsburgh",1
"Northwestern","Pittsburgh",3
"Michigan","Pittsburgh",6
"Columbia","Pittsburgh",1
"Yale","Pittsburgh",3
"UPenn","Pittsburgh",6
"Carnegie Mellon","Pittsburgh",3
"Wisconsin","Pittsburgh",1
"Minnesota","Pittsburgh",4
"Illinois, Urb. Champ.","Pittsburgh",1
"Purdue","Pittsburgh",1
"Ohio State","Pittsburgh",2
"Iowa","Pittsburgh",1
"UNC","Pittsburgh",1
"Wash. U. in St. Louis","Pittsburgh",1
"Florida","Pittsburgh",1
"UT Austin","Pittsburgh",4
"Penn State","Pittsburgh",2
"Maryland","Pittsburgh",2
"Indiana","Pittsburgh",1
"Emory","Pittsburgh",1
"Georgia","Pittsburgh",1
"Syracuse","Pittsburgh",1
"South Carolina","Pittsburgh",1
"Houston","Pittsburgh",1
"Kansas","Pittsburgh",1
"Fordham","Pittsburgh",1
"Stanford","Penn State",1
"MIT","Penn State",1
"Harvard","Penn State",1
"UC Berkeley","Penn State",4
"Rochester","Penn State",1
"Chicago","Penn State",1
"Cornell","Penn State",3
"Northwestern","Penn State",3
"Columbia","Penn State",2
"Yale","Penn State",1
"UPenn","Penn State",2
"Carnegie Mellon","Penn State",2
"Wisconsin","Penn State",1
"UCLA","Penn State",2
"NYU","Penn State",2
"Minnesota","Penn State",2
"Illinois, Urb. Champ.","Penn State",3
"Duke","Penn State",1
"Purdue","Penn State",3
"Ohio State","Penn State",1
"Iowa","Penn State",2
"UNC","Penn State",2
"Wash. U. in St. Louis","Penn State",1
"Florida","Penn State",2
"UT Austin","Penn State",1
"Pittsburgh","Penn State",1
"Washington","Penn State",2
"Maryland","Penn State",1
"Michigan State","Penn State",1
"Georgia Tech","Penn State",1
"Arizona","Penn State",1
"Utah","Penn State",1
"Oregon","Penn State",2
"TexasAM","Penn State",1
"Case Western","Penn State",1
"Georgia","Penn State",1
"Arizona State","Penn State",2
"Virginia Tech","Penn State",1
"Florida State","Penn State",1
"Cincinnati","Penn State",1
"Tennessee","Penn State",2
"Kentucky","Penn State",1
"Stanford","Washington",13
"MIT","Washington",5
"Harvard","Washington",1
"UC Berkeley","Washington",4
"Rochester","Washington",5
"Chicago","Washington",3
"Northwestern","Washington",4
"Michigan","Washington",4
"Columbia","Washington",3
"UPenn","Washington",1
"Carnegie Mellon","Washington",1
"UCLA","Washington",4
"NYU","Washington",2
"Minnesota","Washington",1
"Illinois, Urb. Champ.","Washington",4
"Duke","Washington",3
"Purdue","Washington",1
"Ohio State","Washington",3
"Iowa","Washington",1
"UNC","Washington",1
"Florida","Washington",1
"UT Austin","Washington",2
"Maryland","Washington",1
"Indiana","Washington",4
"Michigan State","Washington",1
"UC Irvine","Washington",1
"Oregon","Washington",1
"USC","Washington",1
"Tulane","Washington",1
"Stanford","Maryland",6
"MIT","Maryland",8
"Harvard","Maryland",5
"UC Berkeley","Maryland",3
"Rochester","Maryland",1
"Chicago","Maryland",2
"Cornell","Maryland",1
"Northwestern","Maryland",7
"Michigan","Maryland",6
"Columbia","Maryland",3
"Yale","Maryland",2
"UPenn","Maryland",8
"Carnegie Mellon","Maryland",4
"Wisconsin","Maryland",4
"UCLA","Maryland",2
"NYU","Maryland",3
"Minnesota","Maryland",2
"Illinois, Urb. Champ.","Maryland",1
"Duke","Maryland",1
"Purdue","Maryland",5
"Ohio State","Maryland",2
"UNC","Maryland",1
"Wash. U. in St. Louis","Maryland",2
"Florida","Maryland",1
"UT Austin","Maryland",1
"Pittsburgh","Maryland",2
"Indiana","Maryland",1
"Michigan State","Maryland",2
"Georgia Tech","Maryland",2
"Arizona","Maryland",1
"Oregon","Maryland",1
"SUNY Buffalo","Maryland",2
"Syracuse","Maryland",1
"Boston College","Maryland",1
"Stanford","Indiana",3
"MIT","Indiana",1
"Chicago","Indiana",3
"Northwestern","Indiana",3
"Michigan","Indiana",8
"Columbia","Indiana",1
"Yale","Indiana",1
"UPenn","Indiana",1
"Carnegie Mellon","Indiana",1
"Wisconsin","Indiana",1
"UCLA","Indiana",2
"Minnesota","Indiana",1
"Illinois, Urb. Champ.","Indiana",1
"Duke","Indiana",1
"Purdue","Indiana",4
"Ohio State","Indiana",4
"Iowa","Indiana",2
"UNC","Indiana",3
"Wash. U. in St. Louis","Indiana",1
"Florida","Indiana",2
"UT Austin","Indiana",5
"Pittsburgh","Indiana",5
"Penn State","Indiana",2
"Washington","Indiana",1
"Maryland","Indiana",1
"Michigan State","Indiana",1
"Colorado, Boulder","Indiana",3
"Arizona","Indiana",4
"SUNY Buffalo","Indiana",3
"UT Dallas","Indiana",1
"Boston","Indiana",1
"TexasAM","Indiana",5
"Georgia","Indiana",1
"Vanderbilt","Indiana",1
"South Carolina","Indiana",1
"Virginia Tech","Indiana",1
"Boston College","Indiana",1
"Arkansas","Indiana",1
"MIT","Michigan State",3
"Harvard","Michigan State",1
"Cornell","Michigan State",1
"Northwestern","Michigan State",2
"Michigan","Michigan State",6
"Yale","Michigan State",2
"UPenn","Michigan State",1
"Carnegie Mellon","Michigan State",2
"Wisconsin","Michigan State",5
"NYU","Michigan State",1
"Minnesota","Michigan State",8
"Illinois, Urb. Champ.","Michigan State",3
"Duke","Michigan State",1
"Purdue","Michigan State",5
"Ohio State","Michigan State",6
"Iowa","Michigan State",1
"UNC","Michigan State",1
"Florida","Michigan State",2
"UT Austin","Michigan State",1
"Pittsburgh","Michigan State",1
"Penn State","Michigan State",3
"Washington","Michigan State",2
"Maryland","Michigan State",3
"Indiana","Michigan State",5
"Georgia Tech","Michigan State",1
"SUNY Buffalo","Michigan State",1
"UMass Amherst","Michigan State",3
"Emory","Michigan State",1
"Georgia","Michigan State",2
"Syracuse","Michigan State",1
"Arizona State","Michigan State",1
"South Carolina","Michigan State",2
"Florida State","Michigan State",1
"Cincinnati","Michigan State",1
"Houston","Michigan State",1
"Kansas","Michigan State",1
"Tennessee","Michigan State",1
"Kentucky","Michigan State",1
"Alabama","Michigan State",1
"Stanford","Georgia Tech",1
"MIT","Georgia Tech",2
"Rochester","Georgia Tech",1
"Chicago","Georgia Tech",2
"Cornell","Georgia Tech",2
"Northwestern","Georgia Tech",1
"Michigan","Georgia Tech",1
"Columbia","Georgia Tech",1
"UPenn","Georgia Tech",2
"Carnegie Mellon","Georgia Tech",2
"UCLA","Georgia Tech",2
"NYU","Georgia Tech",1
"Minnesota","Georgia Tech",1
"Illinois, Urb. Champ.","Georgia Tech",4
"Duke","Georgia Tech",2
"Ohio State","Georgia Tech",4
"Iowa","Georgia Tech",1
"UNC","Georgia Tech",2
"Florida","Georgia Tech",2
"UT Austin","Georgia Tech",5
"Pittsburgh","Georgia Tech",4
"Washington","Georgia Tech",2
"Utah","Georgia Tech",1
"Emory","Georgia Tech",2
"Arizona State","Georgia Tech",1
"Florida State","Georgia Tech",1
"NC State","Georgia Tech",1
"Stanford","Colorado, Boulder",2
"MIT","Colorado, Boulder",2
"Harvard","Colorado, Boulder",1
"UC Berkeley","Colorado, Boulder",1
"Northwestern","Colorado, Boulder",3
"Michigan","Colorado, Boulder",1
"Columbia","Colorado, Boulder",2
"Yale","Colorado, Boulder",3
"UPenn","Colorado, Boulder",2
"Carnegie Mellon","Colorado, Boulder",2
"NYU","Colorado, Boulder",2
"Minnesota","Colorado, Boulder",3
"Illinois, Urb. Champ.","Colorado, Boulder",4
"Purdue","Colorado, Boulder",1
"Ohio State","Colorado, Boulder",2
"UNC","Colorado, Boulder",1
"Wash. U. in St. Louis","Colorado, Boulder",2
"UT Austin","Colorado, Boulder",1
"Penn State","Colorado, Boulder",3
"Washington","Colorado, Boulder",5
"Maryland","Colorado, Boulder",1
"Indiana","Colorado, Boulder",2
"Virginia","Colorado, Boulder",1
"Georgia","Colorado, Boulder",1
"South Carolina","Colorado, Boulder",1
"Houston","Colorado, Boulder",1
"Tennessee","Colorado, Boulder",1
"Stanford","UC Irvine",6
"MIT","UC Irvine",1
"Harvard","UC Irvine",1
"UC Berkeley","UC Irvine",1
"Rochester","UC Irvine",3
"Chicago","UC Irvine",4
"Northwestern","UC Irvine",1
"Michigan","UC Irvine",2
"Yale","UC Irvine",2
"UPenn","UC Irvine",1
"Carnegie Mellon","UC Irvine",2
"Wisconsin","UC Irvine",1
"UCLA","UC Irvine",4
"NYU","UC Irvine",2
"Minnesota","UC Irvine",1
"Illinois, Urb. Champ.","UC Irvine",1
"Purdue","UC Irvine",1
"Wash. U. in St. Louis","UC Irvine",1
"UT Austin","UC Irvine",1
"USC","UC Irvine",2
"UMass Amherst","UC Irvine",1
"Vanderbilt","UC Irvine",1
"Houston","UC Irvine",1
"Stanford","Arizona",1
"MIT","Arizona",1
"Harvard","Arizona",1
"UC Berkeley","Arizona",4
"Rochester","Arizona",1
"Northwestern","Arizona",4
"Michigan","Arizona",1
"Yale","Arizona",1
"UPenn","Arizona",1
"Carnegie Mellon","Arizona",3
"Wisconsin","Arizona",1
"UCLA","Arizona",1
"NYU","Arizona",4
"Minnesota","Arizona",4
"Illinois, Urb. Champ.","Arizona",4
"Purdue","Arizona",4
"Ohio State","Arizona",3
"Iowa","Arizona",3
"UNC","Arizona",2
"Wash. U. in St. Louis","Arizona",2
"Florida","Arizona",3
"UT Austin","Arizona",4
"Pittsburgh","Arizona",1
"Penn State","Arizona",1
"Washington","Arizona",2
"Maryland","Arizona",3
"Indiana","Arizona",1
"Michigan State","Arizona",2
"UC Irvine","Arizona",1
"Utah","Arizona",1
"Oregon","Arizona",1
"USC","Arizona",1
"SUNY Buffalo","Arizona",1
"TexasAM","Arizona",2
"Case Western","Arizona",1
"UC Davis","Arizona",1
"Syracuse","Arizona",1
"Arizona State","Arizona",1
"Stanford","Utah",4
"MIT","Utah",1
"UC Berkeley","Utah",1
"Rochester","Utah",1
"Northwestern","Utah",2
"UPenn","Utah",1
"UCLA","Utah",1
"NYU","Utah",1
"Minnesota","Utah",1
"Illinois, Urb. Champ.","Utah",1
"Purdue","Utah",1
"Iowa","Utah",2
"UNC","Utah",2
"Wash. U. in St. Louis","Utah",2
"Maryland","Utah",2
"Michigan State","Utah",1
"Arizona","Utah",1
"Oregon","Utah",1
"UConn","Utah",1
"Oklahoma State","Utah",1
"Stanford","Oregon",2
"MIT","Oregon",2
"Harvard","Oregon",1
"UC Berkeley","Oregon",4
"Rochester","Oregon",2
"Chicago","Oregon",1
"Northwestern","Oregon",2
"Michigan","Oregon",7
"Carnegie Mellon","Oregon",1
"Wisconsin","Oregon",1
"UCLA","Oregon",1
"NYU","Oregon",1
"Minnesota","Oregon",2
"Duke","Oregon",1
"Purdue","Oregon",2
"Ohio State","Oregon",1
"UNC","Oregon",1
"Florida","Oregon",2
"UT Austin","Oregon",1
"Washington","Oregon",3
"UC Irvine","Oregon",1
"USC","Oregon",1
"Case Western","Oregon",2
"Boston College","Oregon",1
"Stanford","USC",12
"MIT","USC",11
"Harvard","USC",9
"UC Berkeley","USC",5
"Rochester","USC",1
"Chicago","USC",7
"Cornell","USC",1
"Northwestern","USC",7
"Michigan","USC",6
"Columbia","USC",4
"Yale","USC",4
"UPenn","USC",4
"Carnegie Mellon","USC",3
"Wisconsin","USC",3
"UCLA","USC",14
"NYU","USC",3
"Minnesota","USC",1
"Illinois, Urb. Champ.","USC",2
"Duke","USC",3
"Purdue","USC",2
"Ohio State","USC",4
"Iowa","USC",3
"Wash. U. in St. Louis","USC",1
"Florida","USC",1
"UT Austin","USC",2
"Pittsburgh","USC",4
"Washington","USC",3
"Maryland","USC",1
"Indiana","USC",1
"Michigan State","USC",1
"Colorado, Boulder","USC",1
"Arizona","USC",1
"Utah","USC",1
"SUNY Buffalo","USC",1
"UMass Amherst","USC",1
"Case Western","USC",1
"Claremont","USC",1
"Arizona State","USC",1
"Oklahoma","USC",1
"Notre Dame","USC",1
"MIT","SUNY Buffalo",2
"UC Berkeley","SUNY Buffalo",1
"Rochester","SUNY Buffalo",1
"Northwestern","SUNY Buffalo",1
"Columbia","SUNY Buffalo",2
"UPenn","SUNY Buffalo",1
"Wisconsin","SUNY Buffalo",1
"UCLA","SUNY Buffalo",1
"Minnesota","SUNY Buffalo",3
"Illinois, Urb. Champ.","SUNY Buffalo",3
"Purdue","SUNY Buffalo",7
"Iowa","SUNY Buffalo",2
"Wash. U. in St. Louis","SUNY Buffalo",2
"Florida","SUNY Buffalo",2
"UT Austin","SUNY Buffalo",1
"Pittsburgh","SUNY Buffalo",1
"Penn State","SUNY Buffalo",2
"Washington","SUNY Buffalo",1
"Indiana","SUNY Buffalo",2
"USC","SUNY Buffalo",2
"UT Dallas","SUNY Buffalo",3
"Syracuse","SUNY Buffalo",1
"Florida State","SUNY Buffalo",2
"Oklahoma","SUNY Buffalo",1
"UConn","SUNY Buffalo",1
"Cincinnati","SUNY Buffalo",2
"Louisiana State","SUNY Buffalo",1
"Stanford","UT Dallas",2
"MIT","UT Dallas",3
"Harvard","UT Dallas",2
"UC Berkeley","UT Dallas",2
"Rochester","UT Dallas",3
"Chicago","UT Dallas",4
"Cornell","UT Dallas",3
"Northwestern","UT Dallas",4
"Michigan","UT Dallas",2
"Columbia","UT Dallas",2
"UPenn","UT Dallas",4
"Carnegie Mellon","UT Dallas",4
"Wisconsin","UT Dallas",2
"UCLA","UT Dallas",1
"NYU","UT Dallas",1
"Minnesota","UT Dallas",1
"Duke","UT Dallas",2
"Purdue","UT Dallas",4
"Ohio State","UT Dallas",2
"UNC","UT Dallas",2
"Wash. U. in St. Louis","UT Dallas",2
"Florida","UT Dallas",1
"UT Austin","UT Dallas",9
"Pittsburgh","UT Dallas",1
"Washington","UT Dallas",1
"Michigan State","UT Dallas",2
"TexasAM","UT Dallas",1
"UConn","UT Dallas",2
"Kentucky","UT Dallas",1
"Stanford","Virginia",4
"MIT","Virginia",2
"Harvard","Virginia",7
"Chicago","Virginia",1
"Cornell","Virginia",1
"Northwestern","Virginia",3
"Michigan","Virginia",5
"Columbia","Virginia",1
"Yale","Virginia",2
"UPenn","Virginia",2
"Carnegie Mellon","Virginia",1
"UCLA","Virginia",1
"NYU","Virginia",1
"Minnesota","Virginia",2
"Duke","Virginia",1
"Purdue","Virginia",1
"UNC","Virginia",3
"Wash. U. in St. Louis","Virginia",2
"UT Austin","Virginia",1
"Penn State","Virginia",1
"Washington","Virginia",2
"Maryland","Virginia",1
"Indiana","Virginia",1
"Michigan State","Virginia",1
"Georgia Tech","Virginia",5
"USC","Virginia",1
"Boston","Virginia",3
"Stanford","Boston",4
"MIT","Boston",17
"Harvard","Boston",13
"UC Berkeley","Boston",7
"Rochester","Boston",3
"Chicago","Boston",1
"Cornell","Boston",1
"Northwestern","Boston",2
"Michigan","Boston",6
"Columbia","Boston",1
"Yale","Boston",2
"UPenn","Boston",2
"Carnegie Mellon","Boston",1
"UCLA","Boston",3
"NYU","Boston",3
"Illinois, Urb. Champ.","Boston",1
"Purdue","Boston",1
"Ohio State","Boston",1
"Florida","Boston",1
"UT Austin","Boston",1
"Pittsburgh","Boston",1
"Penn State","Boston",3
"Washington","Boston",1
"Indiana","Boston",1
"Michigan State","Boston",2
"USC","Boston",1
"SUNY Buffalo","Boston",1
"UT Dallas","Boston",1
"Virginia","Boston",1
"UMass Amherst","Boston",1
"Case Western","Boston",1
"Boston College","Boston",1
"Rice","Boston",1
"MIT","UMass Amherst",1
"UC Berkeley","UMass Amherst",1
"Cornell","UMass Amherst",4
"Northwestern","UMass Amherst",1
"Michigan","UMass Amherst",3
"UPenn","UMass Amherst",1
"Wisconsin","UMass Amherst",2
"NYU","UMass Amherst",1
"Illinois, Urb. Champ.","UMass Amherst",4
"Duke","UMass Amherst",1
"Ohio State","UMass Amherst",1
"Iowa","UMass Amherst",2
"UNC","UMass Amherst",3
"Wash. U. in St. Louis","UMass Amherst",1
"Pittsburgh","UMass Amherst",1
"Penn State","UMass Amherst",6
"Maryland","UMass Amherst",2
"Michigan State","UMass Amherst",1
"Georgia Tech","UMass Amherst",1
"Colorado, Boulder","UMass Amherst",2
"UC Irvine","UMass Amherst",1
"UT Dallas","UMass Amherst",1
"TexasAM","UMass Amherst",1
"UC Davis","UMass Amherst",2
"Syracuse","UMass Amherst",1
"Virginia Tech","UMass Amherst",3
"Cincinnati","UMass Amherst",1
"Tennessee","UMass Amherst",1
"SMU","UMass Amherst",1
"Drexel","UMass Amherst",1
"Stanford","TexasAM",2
"MIT","TexasAM",1
"UC Berkeley","TexasAM",1
"Chicago","TexasAM",1
"Cornell","TexasAM",2
"Northwestern","TexasAM",2
"Yale","TexasAM",1
"Wisconsin","TexasAM",1
"NYU","TexasAM",1
"Minnesota","TexasAM",5
"Illinois, Urb. Champ.","TexasAM",1
"Purdue","TexasAM",2
"Iowa","TexasAM",2
"UNC","TexasAM",5
"Florida","TexasAM",1
"UT Austin","TexasAM",2
"Penn State","TexasAM",4
"Maryland","TexasAM",1
"Indiana","TexasAM",4
"Michigan State","TexasAM",1
"Colorado, Boulder","TexasAM",1
"UC Irvine","TexasAM",1
"Arizona","TexasAM",4
"Oregon","TexasAM",1
"USC","TexasAM",1
"UT Dallas","TexasAM",2
"Virginia","TexasAM",1
"UMass Amherst","TexasAM",1
"Georgia","TexasAM",1
"Arizona State","TexasAM",7
"South Carolina","TexasAM",3
"Virginia Tech","TexasAM",2
"Boston College","TexasAM",1
"Houston","TexasAM",2
"Louisiana State","TexasAM",1
"Arkansas","TexasAM",2
"Alabama","TexasAM",1
"MIT","Emory",1
"Harvard","Emory",2
"UC Berkeley","Emory",5
"Rochester","Emory",2
"Chicago","Emory",3
"Cornell","Emory",2
"Northwestern","Emory",3
"Michigan","Emory",3
"Columbia","Emory",1
"UPenn","Emory",6
"UCLA","Emory",1
"NYU","Emory",4
"Minnesota","Emory",2
"Illinois, Urb. Champ.","Emory",2
"Duke","Emory",1
"Purdue","Emory",1
"Ohio State","Emory",1
"Iowa","Emory",1
"UNC","Emory",3
"Florida","Emory",2
"UT Austin","Emory",2
"Pittsburgh","Emory",2
"Washington","Emory",1
"Indiana","Emory",2
"Georgia Tech","Emory",2
"Arizona","Emory",1
"USC","Emory",2
"TexasAM","Emory",1
"Georgia","Emory",1
"Alabama","Emory",1
"Oklahoma State","Emory",1
"Stanford","Case Western",3
"MIT","Case Western",2
"Harvard","Case Western",3
"UC Berkeley","Case Western",2
"Chicago","Case Western",3
"Michigan","Case Western",5
"Columbia","Case Western",1
"Yale","Case Western",1
"UPenn","Case Western",5
"Wisconsin","Case Western",1
"NYU","Case Western",1
"UNC","Case Western",1
"Wash. U. in St. Louis","Case Western",1
"Florida","Case Western",2
"UT Austin","Case Western",1
"Pittsburgh","Case Western",3
"Penn State","Case Western",1
"Arizona","Case Western",1
"SUNY Buffalo","Case Western",1
"Boston","Case Western",1
"South Carolina","Case Western",1
"Virginia Tech","Case Western",1
"UConn","Case Western",1
"Houston","Case Western",1
"Stanford","UC Davis",6
"Harvard","UC Davis",1
"UC Berkeley","UC Davis",1
"Rochester","UC Davis",1
"Chicago","UC Davis",2
"Cornell","UC Davis",2
"Northwestern","UC Davis",3
"Yale","UC Davis",1
"UPenn","UC Davis",3
"Minnesota","UC Davis",1
"Ohio State","UC Davis",1
"UNC","UC Davis",2
"Florida","UC Davis",1
"Washington","UC Davis",1
"Maryland","UC Davis",1
"Rice","UC Davis",2
"Stanford","Georgia",2
"MIT","Georgia",2
"UC Berkeley","Georgia",1
"Rochester","Georgia",2
"Chicago","Georgia",1
"Cornell","Georgia",1
"Michigan","Georgia",2
"Yale","Georgia",1
"UPenn","Georgia",3
"Carnegie Mellon","Georgia",1
"Wisconsin","Georgia",2
"UCLA","Georgia",2
"NYU","Georgia",1
"Minnesota","Georgia",4
"Illinois, Urb. Champ.","Georgia",5
"Purdue","Georgia",1
"Ohio State","Georgia",3
"UNC","Georgia",4
"Wash. U. in St. Louis","Georgia",1
"Florida","Georgia",2
"UT Austin","Georgia",5
"Penn State","Georgia",2
"Washington","Georgia",2
"Maryland","Georgia",1
"Indiana","Georgia",1
"Michigan State","Georgia",3
"Colorado, Boulder","Georgia",1
"Arizona","Georgia",2
"Oregon","Georgia",1
"USC","Georgia",1
"Virginia","Georgia",2
"TexasAM","Georgia",3
"Emory","Georgia",3
"Case Western","Georgia",1
"Syracuse","Georgia",1
"Arizona State","Georgia",2
"South Carolina","Georgia",1
"Florida State","Georgia",3
"UConn","Georgia",1
"Boston College","Georgia",3
"Houston","Georgia",1
"Oklahoma State","Georgia",1
"Notre Dame","Georgia",1
"Stanford","Vanderbilt",3
"Harvard","Vanderbilt",1
"UC Berkeley","Vanderbilt",2
"Chicago","Vanderbilt",5
"Cornell","Vanderbilt",2
"Northwestern","Vanderbilt",1
"Michigan","Vanderbilt",1
"UPenn","Vanderbilt",2
"Carnegie Mellon","Vanderbilt",2
"Wisconsin","Vanderbilt",2
"Illinois, Urb. Champ.","Vanderbilt",1
"Duke","Vanderbilt",3
"Purdue","Vanderbilt",2
"Ohio State","Vanderbilt",2
"Iowa","Vanderbilt",1
"UNC","Vanderbilt",2
"Indiana","Vanderbilt",2
"Colorado, Boulder","Vanderbilt",1
"Utah","Vanderbilt",1
"Louisiana State","Vanderbilt",1
"Stanford","Syracuse",1
"Rochester","Syracuse",1
"Chicago","Syracuse",1
"Cornell","Syracuse",3
"Northwestern","Syracuse",1
"Michigan","Syracuse",3
"Carnegie Mellon","Syracuse",2
"Wisconsin","Syracuse",3
"UCLA","Syracuse",1
"NYU","Syracuse",2
"Minnesota","Syracuse",1
"Illinois, Urb. Champ.","Syracuse",2
"Duke","Syracuse",1
"Purdue","Syracuse",2
"Ohio State","Syracuse",2
"Wash. U. in St. Louis","Syracuse",1
"Florida","Syracuse",2
"Penn State","Syracuse",2
"Washington","Syracuse",2
"Maryland","Syracuse",1
"Indiana","Syracuse",2
"Michigan State","Syracuse",1
"Colorado, Boulder","Syracuse",2
"Arizona","Syracuse",1
"SUNY Buffalo","Syracuse",2
"Virginia Tech","Syracuse",1
"UConn","Syracuse",1
"Cincinnati","Syracuse",3
"Tennessee","Syracuse",1
"CUNY Baruch","Syracuse",1
"Saint Louis","Syracuse",1
"Harvard","Claremont",2
"UC Berkeley","Claremont",1
"Chicago","Claremont",1
"Cornell","Claremont",1
"Michigan","Claremont",2
"UPenn","Claremont",1
"Wisconsin","Claremont",1
"UCLA","Claremont",1
"NYU","Claremont",1
"Duke","Claremont",1
"Ohio State","Claremont",1
"Pittsburgh","Claremont",1
"Washington","Claremont",1
"SUNY Buffalo","Claremont",1
"Louisiana State","Claremont",1
"Stanford","Arizona State",3
"MIT","Arizona State",1
"Harvard","Arizona State",2
"UC Berkeley","Arizona State",8
"Chicago","Arizona State",4
"Cornell","Arizona State",2
"Northwestern","Arizona State",1
"Michigan","Arizona State",3
"Yale","Arizona State",1
"UPenn","Arizona State",3
"Carnegie Mellon","Arizona State",2
"UCLA","Arizona State",4
"NYU","Arizona State",3
"Minnesota","Arizona State",3
"Illinois, Urb. Champ.","Arizona State",12
"Duke","Arizona State",1
"Purdue","Arizona State",5
"Ohio State","Arizona State",4
"UNC","Arizona State",3
"UT Austin","Arizona State",6
"Pittsburgh","Arizona State",1
"Penn State","Arizona State",3
"Washington","Arizona State",1
"Maryland","Arizona State",1
"Indiana","Arizona State",4
"Michigan State","Arizona State",9
"Arizona","Arizona State",3
"USC","Arizona State",3
"SUNY Buffalo","Arizona State",2
"Boston","Arizona State",1
"UMass Amherst","Arizona State",1
"TexasAM","Arizona State",4
"Georgia","Arizona State",2
"Syracuse","Arizona State",1
"Virginia Tech","Arizona State",1
"Florida State","Arizona State",1
"Oklahoma","Arizona State",1
"Boston College","Arizona State",1
"Cincinnati","Arizona State",1
"Houston","Arizona State",1
"Rutgers","Arizona State",1
"SMU","Arizona State",1
"Temple","Arizona State",1
"Alabama","Arizona State",2
"Iowa State","Arizona State",1
"Mississippi","Arizona State",1
"Georgetown","Arizona State",1
"NC State","Arizona State",1
"Santa Clara","Arizona State",1
"Stanford","South Carolina",2
"MIT","South Carolina",2
"Harvard","South Carolina",2
"UC Berkeley","South Carolina",2
"Yale","South Carolina",2
"UPenn","South Carolina",4
"Carnegie Mellon","South Carolina",2
"Wisconsin","South Carolina",6
"UCLA","South Carolina",2
"NYU","South Carolina",1
"Minnesota","South Carolina",5
"Illinois, Urb. Champ.","South Carolina",3
"Duke","South Carolina",3
"Purdue","South Carolina",3
"Ohio State","South Carolina",2
"Iowa","South Carolina",1
"UNC","South Carolina",2
"Wash. U. in St. Louis","South Carolina",3
"Florida","South Carolina",2
"UT Austin","South Carolina",6
"Pittsburgh","South Carolina",2
"Maryland","South Carolina",1
"Michigan State","South Carolina",4
"Georgia Tech","South Carolina",1
"Arizona","South Carolina",1
"UMass Amherst","South Carolina",1
"TexasAM","South Carolina",2
"Emory","South Carolina",1
"Georgia","South Carolina",3
"Vanderbilt","South Carolina",1
"Arizona State","South Carolina",2
"Virginia Tech","South Carolina",2
"Oklahoma","South Carolina",1
"Tennessee","South Carolina",1
"Alabama","South Carolina",1
"CUNY Baruch","South Carolina",1
"Stanford","Virginia Tech",1
"Harvard","Virginia Tech",1
"Cornell","Virginia Tech",2
"Michigan","Virginia Tech",3
"UPenn","Virginia Tech",1
"Carnegie Mellon","Virginia Tech",1
"Wisconsin","Virginia Tech",3
"UCLA","Virginia Tech",2
"NYU","Virginia Tech",1
"Illinois, Urb. Champ.","Virginia Tech",2
"Duke","Virginia Tech",2
"Purdue","Virginia Tech",3
"Iowa","Virginia Tech",1
"UNC","Virginia Tech",4
"Florida","Virginia Tech",8
"UT Austin","Virginia Tech",1
"Pittsburgh","Virginia Tech",3
"Penn State","Virginia Tech",2
"Washington","Virginia Tech",2
"Maryland","Virginia Tech",1
"Indiana","Virginia Tech",4
"Michigan State","Virginia Tech",3
"Georgia Tech","Virginia Tech",1
"Colorado, Boulder","Virginia Tech",5
"UC Irvine","Virginia Tech",1
"Arizona","Virginia Tech",1
"SUNY Buffalo","Virginia Tech",1
"Virginia","Virginia Tech",1
"UMass Amherst","Virginia Tech",2
"TexasAM","Virginia Tech",3
"Emory","Virginia Tech",1
"Georgia","Virginia Tech",4
"Arizona State","Virginia Tech",1
"South Carolina","Virginia Tech",1
"Oklahoma","Virginia Tech",1
"Rutgers","Virginia Tech",1
"Louisiana State","Virginia Tech",1
"George Washington","Virginia Tech",1
"Mississippi","Virginia Tech",1
"Missouri, St. Louis","Virginia Tech",1
"UPenn","Florida State",2
"UCLA","Florida State",2
"Illinois, Urb. Champ.","Florida State",6
"Duke","Florida State",1
"Purdue","Florida State",1
"Ohio State","Florida State",1
"Iowa","Florida State",1
"UNC","Florida State",1
"Florida","Florida State",2
"UT Austin","Florida State",1
"Penn State","Florida State",2
"Maryland","Florida State",1
"Indiana","Florida State",2
"Michigan State","Florida State",3
"Utah","Florida State",1
"TexasAM","Florida State",2
"Georgia","Florida State",6
"South Carolina","Florida State",1
"Virginia Tech","Florida State",2
"Houston","Florida State",2
"Kansas","Florida State",1
"Tennessee","Florida State",3
"Alabama","Florida State",1
"Oklahoma State","Florida State",1
"CUNY Baruch","Florida State",1
"Mississippi","Florida State",1
"Chicago","Oklahoma",2
"Northwestern","Oklahoma",1
"UPenn","Oklahoma",1
"Wisconsin","Oklahoma",1
"Illinois, Urb. Champ.","Oklahoma",3
"Iowa","Oklahoma",4
"Wash. U. in St. Louis","Oklahoma",1
"Florida","Oklahoma",3
"UT Austin","Oklahoma",1
"Pittsburgh","Oklahoma",1
"Penn State","Oklahoma",4
"Indiana","Oklahoma",3
"Michigan State","Oklahoma",1
"Colorado, Boulder","Oklahoma",1
"Arizona","Oklahoma",3
"Utah","Oklahoma",1
"Virginia","Oklahoma",1
"TexasAM","Oklahoma",1
"Georgia","Oklahoma",2
"South Carolina","Oklahoma",2
"Virginia Tech","Oklahoma",1
"Florida State","Oklahoma",1
"Rutgers","Oklahoma",1
"Oklahoma State","Oklahoma",1
"Auburn","Oklahoma",1
"MIT","Tulane",2
"Rochester","Tulane",1
"Chicago","Tulane",1
"Columbia","Tulane",2
"Yale","Tulane",2
"Carnegie Mellon","Tulane",1
"UCLA","Tulane",2
"Duke","Tulane",1
"Ohio State","Tulane",1
"UNC","Tulane",1
"Florida","Tulane",1
"UT Austin","Tulane",3
"Indiana","Tulane",1
"Michigan State","Tulane",2
"SUNY Buffalo","Tulane",1
"UMass Amherst","Tulane",1
"TexasAM","Tulane",1
"Georgia","Tulane",1
"Arizona State","Tulane",1
"Rutgers","Tulane",1
"George Washington","Tulane",1
"MIT","UConn",1
"UC Berkeley","UConn",2
"Rochester","UConn",2
"Chicago","UConn",1
"Cornell","UConn",1
"Northwestern","UConn",1
"Columbia","UConn",2
"Yale","UConn",1
"UPenn","UConn",1
"Carnegie Mellon","UConn",3
"Wisconsin","UConn",2
"UCLA","UConn",1
"NYU","UConn",2
"Minnesota","UConn",3
"Illinois, Urb. Champ.","UConn",1
"Duke","UConn",2
"Purdue","UConn",1
"Ohio State","UConn",2
"UNC","UConn",1
"Wash. U. in St. Louis","UConn",2
"Florida","UConn",2
"UT Austin","UConn",2
"Pittsburgh","UConn",2
"Penn State","UConn",4
"Washington","UConn",1
"Maryland","UConn",3
"Georgia Tech","UConn",1
"Colorado, Boulder","UConn",2
"Arizona","UConn",1
"Oregon","UConn",1
"SUNY Buffalo","UConn",4
"Boston","UConn",1
"UMass Amherst","UConn",3
"Florida State","UConn",2
"Oklahoma","UConn",1
"Kentucky","UConn",1
"Stanford","Boston College",4
"MIT","Boston College",7
"Harvard","Boston College",3
"UC Berkeley","Boston College",1
"Rochester","Boston College",7
"Chicago","Boston College",1
"Northwestern","Boston College",4
"Michigan","Boston College",4
"Columbia","Boston College",3
"UPenn","Boston College",2
"Carnegie Mellon","Boston College",2
"UCLA","Boston College",1
"NYU","Boston College",2
"Minnesota","Boston College",1
"Ohio State","Boston College",1
"UNC","Boston College",1
"Pittsburgh","Boston College",1
"Penn State","Boston College",1
"Washington","Boston College",1
"Indiana","Boston College",1
"Georgia Tech","Boston College",2
"Utah","Boston College",1
"USC","Boston College",1
"Boston","Boston College",4
"UMass Amherst","Boston College",2
"TexasAM","Boston College",2
"Emory","Boston College",1
"Georgia","Boston College",1
"Syracuse","Boston College",3
"Arizona State","Boston College",1
"Louisiana State","Boston College",1
"Alabama","Boston College",1
"Oklahoma State","Boston College",1
"Fordham","Boston College",1
"Stanford","Cincinnati",1
"UC Berkeley","Cincinnati",1
"Rochester","Cincinnati",1
"Cornell","Cincinnati",2
"Northwestern","Cincinnati",1
"Michigan","Cincinnati",3
"Columbia","Cincinnati",1
"Wisconsin","Cincinnati",3
"UCLA","Cincinnati",1
"NYU","Cincinnati",1
"Minnesota","Cincinnati",2
"Illinois, Urb. Champ.","Cincinnati",2
"Purdue","Cincinnati",1
"Ohio State","Cincinnati",2
"UNC","Cincinnati",2
"Wash. U. in St. Louis","Cincinnati",1
"Florida","Cincinnati",3
"Pittsburgh","Cincinnati",1
"Penn State","Cincinnati",1
"Maryland","Cincinnati",1
"Indiana","Cincinnati",8
"Michigan State","Cincinnati",2
"Georgia Tech","Cincinnati",1
"Utah","Cincinnati",1
"Arizona State","Cincinnati",1
"South Carolina","Cincinnati",1
"Tulane","Cincinnati",1
"Kansas","Cincinnati",1
"Arkansas","Cincinnati",1
"Tennessee","Cincinnati",1
"Kentucky","Cincinnati",2
"SMU","Cincinnati",1
"George Washington","Cincinnati",1
"Stanford","Houston",2
"MIT","Houston",2
"Harvard","Houston",1
"UC Berkeley","Houston",1
"Rochester","Houston",1
"Chicago","Houston",1
"Cornell","Houston",1
"Northwestern","Houston",2
"Michigan","Houston",6
"UPenn","Houston",2
"Carnegie Mellon","Houston",1
"UCLA","Houston",1
"NYU","Houston",1
"Minnesota","Houston",4
"Illinois, Urb. Champ.","Houston",3
"Duke","Houston",1
"Ohio State","Houston",1
"Iowa","Houston",1
"UNC","Houston",1
"Wash. U. in St. Louis","Houston",1
"UT Austin","Houston",9
"Penn State","Houston",4
"Maryland","Houston",1
"Indiana","Houston",2
"Michigan State","Houston",1
"Georgia Tech","Houston",1
"Arizona","Houston",1
"USC","Houston",3
"TexasAM","Houston",4
"Georgia","Houston",1
"Syracuse","Houston",1
"Claremont","Houston",1
"Arizona State","Houston",4
"Florida State","Houston",1
"Oklahoma","Houston",1
"Tulane","Houston",1
"George Washington","Houston",1
"Oklahoma State","Houston",1
"Stanford","Rutgers",5
"MIT","Rutgers",3
"Harvard","Rutgers",3
"UC Berkeley","Rutgers",3
"Chicago","Rutgers",4
"Cornell","Rutgers",2
"Northwestern","Rutgers",7
"Columbia","Rutgers",8
"Yale","Rutgers",3
"UPenn","Rutgers",5
"Carnegie Mellon","Rutgers",2
"Wisconsin","Rutgers",3
"UCLA","Rutgers",3
"NYU","Rutgers",10
"Minnesota","Rutgers",3
"Illinois, Urb. Champ.","Rutgers",2
"Purdue","Rutgers",3
"Ohio State","Rutgers",5
"Florida","Rutgers",1
"UT Austin","Rutgers",1
"Penn State","Rutgers",1
"Maryland","Rutgers",1
"Indiana","Rutgers",2
"Michigan State","Rutgers",2
"Georgia Tech","Rutgers",1
"Colorado, Boulder","Rutgers",1
"Arizona","Rutgers",1
"USC","Rutgers",1
"SUNY Buffalo","Rutgers",2
"Boston","Rutgers",2
"UMass Amherst","Rutgers",1
"Vanderbilt","Rutgers",1
"Virginia Tech","Rutgers",1
"Florida State","Rutgers",1
"Tulane","Rutgers",3
"Kansas","Rutgers",1
"CUNY Baruch","Rutgers",1
"MIT","Kansas",1
"Chicago","Kansas",2
"Cornell","Kansas",1
"Michigan","Kansas",1
"UPenn","Kansas",3
"Wisconsin","Kansas",2
"Minnesota","Kansas",1
"Illinois, Urb. Champ.","Kansas",6
"Purdue","Kansas",2
"UNC","Kansas",1
"Wash. U. in St. Louis","Kansas",1
"UT Austin","Kansas",2
"Pittsburgh","Kansas",1
"Penn State","Kansas",2
"Washington","Kansas",1
"Maryland","Kansas",1
"Indiana","Kansas",3
"Oregon","Kansas",1
"TexasAM","Kansas",2
"Arizona State","Kansas",1
"South Carolina","Kansas",1
"UConn","Kansas",2
"Arkansas","Kansas",2
"Tennessee","Kansas",1
"Stanford","Louisiana State",1
"Cornell","Louisiana State",2
"Michigan","Louisiana State",1
"UPenn","Louisiana State",4
"UCLA","Louisiana State",1
"Illinois, Urb. Champ.","Louisiana State",4
"Duke","Louisiana State",2
"Purdue","Louisiana State",3
"Ohio State","Louisiana State",1
"Iowa","Louisiana State",1
"Wash. U. in St. Louis","Louisiana State",1
"Florida","Louisiana State",3
"UT Austin","Louisiana State",3
"Indiana","Louisiana State",1
"Michigan State","Louisiana State",1
"UC Irvine","Louisiana State",1
"Arizona","Louisiana State",1
"Oregon","Louisiana State",1
"SUNY Buffalo","Louisiana State",1
"Georgia","Louisiana State",4
"Syracuse","Louisiana State",1
"South Carolina","Louisiana State",1
"Virginia Tech","Louisiana State",1
"Florida State","Louisiana State",3
"Boston College","Louisiana State",1
"Houston","Louisiana State",1
"Arkansas","Louisiana State",2
"Tennessee","Louisiana State",1
"Hawaii","Louisiana State",1
"Auburn","Louisiana State",1
"UC Berkeley","Arkansas",1
"Northwestern","Arkansas",1
"Michigan","Arkansas",3
"Carnegie Mellon","Arkansas",1
"Wisconsin","Arkansas",1
"UCLA","Arkansas",1
"Minnesota","Arkansas",2
"Illinois, Urb. Champ.","Arkansas",1
"Duke","Arkansas",2
"Iowa","Arkansas",2
"UNC","Arkansas",1
"Wash. U. in St. Louis","Arkansas",2
"Pittsburgh","Arkansas",2
"Penn State","Arkansas",2
"Maryland","Arkansas",3
"Indiana","Arkansas",4
"Michigan State","Arkansas",4
"UC Irvine","Arkansas",1
"Arizona","Arkansas",1
"Oregon","Arkansas",2
"TexasAM","Arkansas",8
"Georgia","Arkansas",3
"Syracuse","Arkansas",1
"Arizona State","Arkansas",1
"South Carolina","Arkansas",1
"Virginia Tech","Arkansas",2
"Florida State","Arkansas",1
"Oklahoma","Arkansas",1
"Houston","Arkansas",1
"Louisiana State","Arkansas",1
"Temple","Arkansas",1
"Alabama","Arkansas",1
"Notre Dame","Arkansas",1
"Cornell","Tennessee",2
"Northwestern","Tennessee",2
"Michigan","Tennessee",1
"Illinois, Urb. Champ.","Tennessee",3
"Purdue","Tennessee",1
"Ohio State","Tennessee",5
"Iowa","Tennessee",1
"UNC","Tennessee",5
"Wash. U. in St. Louis","Tennessee",2
"Florida","Tennessee",3
"Indiana","Tennessee",3
"Michigan State","Tennessee",4
"Georgia Tech","Tennessee",2
"Colorado, Boulder","Tennessee",1
"Arizona","Tennessee",1
"UMass Amherst","Tennessee",1
"TexasAM","Tennessee",3
"Emory","Tennessee",1
"Georgia","Tennessee",5
"Syracuse","Tennessee",2
"Arizona State","Tennessee",3
"South Carolina","Tennessee",1
"Virginia Tech","Tennessee",2
"Florida State","Tennessee",3
"Oklahoma","Tennessee",1
"Tulane","Tennessee",1
"UConn","Tennessee",1
"Cincinnati","Tennessee",1
"Rutgers","Tennessee",1
"Louisiana State","Tennessee",1
"Arkansas","Tennessee",2
"Kentucky","Tennessee",1
"Iowa State","Tennessee",2
"Drexel","Tennessee",1
"Stanford","Dartmouth",4
"MIT","Dartmouth",6
"Harvard","Dartmouth",6
"Rochester","Dartmouth",4
"Chicago","Dartmouth",1
"Cornell","Dartmouth",2
"Northwestern","Dartmouth",1
"Michigan","Dartmouth",1
"Columbia","Dartmouth",4
"Yale","Dartmouth",3
"UPenn","Dartmouth",1
"Wisconsin","Dartmouth",1
"UCLA","Dartmouth",1
"NYU","Dartmouth",1
"Duke","Dartmouth",1
"UNC","Dartmouth",1
"UT Austin","Dartmouth",3
"Penn State","Dartmouth",2
"Maryland","Dartmouth",1
"USC","Dartmouth",1
"Virginia","Dartmouth",1
"Case Western","Dartmouth",1
"Stanford","Kentucky",1
"MIT","Kentucky",1
"Chicago","Kentucky",2
"Cornell","Kentucky",1
"Michigan","Kentucky",1
"Wisconsin","Kentucky",6
"Illinois, Urb. Champ.","Kentucky",2
"Duke","Kentucky",1
"Purdue","Kentucky",3
"Ohio State","Kentucky",4
"Iowa","Kentucky",4
"UNC","Kentucky",1
"Florida","Kentucky",5
"UT Austin","Kentucky",3
"Pittsburgh","Kentucky",1
"Penn State","Kentucky",4
"Maryland","Kentucky",1
"Indiana","Kentucky",4
"Michigan State","Kentucky",3
"Georgia Tech","Kentucky",2
"UC Irvine","Kentucky",1
"USC","Kentucky",1
"SUNY Buffalo","Kentucky",1
"Virginia","Kentucky",2
"TexasAM","Kentucky",3
"UC Davis","Kentucky",2
"Georgia","Kentucky",1
"Arizona State","Kentucky",2
"South Carolina","Kentucky",2
"Virginia Tech","Kentucky",1
"Boston College","Kentucky",3
"Kansas","Kentucky",1
"Arkansas","Kentucky",1
"Tennessee","Kentucky",1
"NC State","Kentucky",1
"Stanford","Rice",1
"Harvard","Rice",1
"UC Berkeley","Rice",1
"Chicago","Rice",2
"Cornell","Rice",1
"Northwestern","Rice",1
"Michigan","Rice",5
"Columbia","Rice",1
"UPenn","Rice",1
"Carnegie Mellon","Rice",1
"NYU","Rice",1
"Minnesota","Rice",1
"Illinois, Urb. Champ.","Rice",2
"Duke","Rice",4
"UNC","Rice",2
"UT Austin","Rice",5
"Pittsburgh","Rice",1
"Maryland","Rice",1
"Indiana","Rice",1
"Michigan State","Rice",1
"Colorado, Boulder","Rice",1
"UC Irvine","Rice",1
"USC","Rice",1
"Virginia","Rice",1
"Tulane","Rice",1
"Dartmouth","Rice",1
"Kentucky","Rice",1
"Stanford","SMU",2
"Harvard","SMU",1
"Rochester","SMU",3
"Chicago","SMU",1
"Cornell","SMU",1
"Northwestern","SMU",3
"Michigan","SMU",2
"Columbia","SMU",1
"Yale","SMU",1
"UPenn","SMU",3
"UCLA","SMU",1
"NYU","SMU",2
"Minnesota","SMU",3
"Ohio State","SMU",4
"UNC","SMU",3
"UT Austin","SMU",6
"Penn State","SMU",2
"Maryland","SMU",1
"Indiana","SMU",1
"Michigan State","SMU",2
"UC Irvine","SMU",1
"USC","SMU",1
"TexasAM","SMU",1
"Case Western","SMU",1
"Georgia","SMU",2
"Arizona State","SMU",3
"Tulane","SMU",1
"UConn","SMU",1
"George Washington","SMU",1
"MIT","Temple",3
"Harvard","Temple",5
"UC Berkeley","Temple",3
"Rochester","Temple",1
"Chicago","Temple",1
"Cornell","Temple",5
"Northwestern","Temple",3
"Michigan","Temple",2
"Columbia","Temple",2
"Yale","Temple",1
"UPenn","Temple",12
"Carnegie Mellon","Temple",1
"Wisconsin","Temple",4
"NYU","Temple",3
"Minnesota","Temple",1
"Illinois, Urb. Champ.","Temple",2
"Duke","Temple",1
"Purdue","Temple",2
"Ohio State","Temple",3
"Iowa","Temple",1
"UNC","Temple",1
"UT Austin","Temple",1
"Penn State","Temple",3
"Washington","Temple",1
"Maryland","Temple",2
"Indiana","Temple",1
"Michigan State","Temple",3
"Arizona","Temple",1
"Oregon","Temple",1
"USC","Temple",3
"SUNY Buffalo","Temple",1
"Syracuse","Temple",1
"Claremont","Temple",1
"Arizona State","Temple",2
"South Carolina","Temple",3
"Virginia Tech","Temple",1
"Florida State","Temple",1
"Cincinnati","Temple",2
"Rice","Temple",1
"CUNY Baruch","Temple",1
"NC State","Temple",1
"Stanford","George Washington",3
"MIT","George Washington",7
"Harvard","George Washington",2
"UC Berkeley","George Washington",4
"Chicago","George Washington",4
"Cornell","George Washington",1
"Northwestern","George Washington",4
"Michigan","George Washington",5
"Columbia","George Washington",2
"Yale","George Washington",1
"UPenn","George Washington",1
"Wisconsin","George Washington",1
"UCLA","George Washington",1
"NYU","George Washington",3
"Minnesota","George Washington",2
"Illinois, Urb. Champ.","George Washington",2
"Duke","George Washington",2
"Ohio State","George Washington",2
"UNC","George Washington",2
"Wash. U. in St. Louis","George Washington",2
"UT Austin","George Washington",3
"Penn State","George Washington",2
"Maryland","George Washington",3
"Indiana","George Washington",1
"Michigan State","George Washington",4
"Colorado, Boulder","George Washington",1
"Arizona","George Washington",1
"Oregon","George Washington",1
"SUNY Buffalo","George Washington",2
"UT Dallas","George Washington",1
"Virginia","George Washington",1
"Boston","George Washington",1
"TexasAM","George Washington",1
"Case Western","George Washington",2
"Georgia","George Washington",2
"South Carolina","George Washington",1
"Virginia Tech","George Washington",3
"Boston College","George Washington",3
"Cincinnati","George Washington",1
"Rutgers","George Washington",1
"Louisiana State","George Washington",3
"Tennessee","George Washington",2
"Georgetown","George Washington",1
"Stanford","Alabama",1
"Chicago","Alabama",2
"Cornell","Alabama",2
"Michigan","Alabama",1
"Columbia","Alabama",1
"UPenn","Alabama",3
"Illinois, Urb. Champ.","Alabama",2
"Duke","Alabama",1
"Purdue","Alabama",3
"Ohio State","Alabama",3
"UNC","Alabama",3
"Wash. U. in St. Louis","Alabama",1
"Florida","Alabama",2
"UT Austin","Alabama",3
"Pittsburgh","Alabama",3
"Penn State","Alabama",3
"Washington","Alabama",1
"Indiana","Alabama",3
"Michigan State","Alabama",2
"Georgia Tech","Alabama",1
"Arizona","Alabama",1
"Oregon","Alabama",1
"SUNY Buffalo","Alabama",2
"UT Dallas","Alabama",1
"Virginia","Alabama",1
"TexasAM","Alabama",5
"Georgia","Alabama",1
"Vanderbilt","Alabama",1
"Arizona State","Alabama",2
"South Carolina","Alabama",1
"Virginia Tech","Alabama",1
"Florida State","Alabama",2
"Oklahoma","Alabama",3
"Cincinnati","Alabama",2
"Houston","Alabama",1
"Louisiana State","Alabama",2
"Tennessee","Alabama",3
"Kentucky","Alabama",1
"SMU","Alabama",2
"Auburn","Alabama",2
"UPenn","Oklahoma State",1
"Wisconsin","Oklahoma State",3
"UCLA","Oklahoma State",1
"Minnesota","Oklahoma State",1
"Illinois, Urb. Champ.","Oklahoma State",1
"Purdue","Oklahoma State",4
"Ohio State","Oklahoma State",3
"Iowa","Oklahoma State",4
"UNC","Oklahoma State",4
"UT Austin","Oklahoma State",2
"Maryland","Oklahoma State",1
"Indiana","Oklahoma State",1
"Michigan State","Oklahoma State",3
"Georgia Tech","Oklahoma State",2
"Colorado, Boulder","Oklahoma State",1
"Arizona","Oklahoma State",2
"Utah","Oklahoma State",2
"Oregon","Oklahoma State",1
"SUNY Buffalo","Oklahoma State",1
"UMass Amherst","Oklahoma State",2
"TexasAM","Oklahoma State",7
"Case Western","Oklahoma State",1
"Georgia","Oklahoma State",1
"Arizona State","Oklahoma State",1
"Virginia Tech","Oklahoma State",1
"Florida State","Oklahoma State",1
"Oklahoma","Oklahoma State",1
"Kansas","Oklahoma State",1
"Louisiana State","Oklahoma State",1
"Arkansas","Oklahoma State",2
"Alabama","Oklahoma State",2
"Iowa State","Oklahoma State",2
"Rochester","SUNY Binghamton",1
"Cornell","SUNY Binghamton",2
"Michigan","SUNY Binghamton",2
"UPenn","SUNY Binghamton",1
"Minnesota","SUNY Binghamton",2
"Illinois, Urb. Champ.","SUNY Binghamton",1
"Ohio State","SUNY Binghamton",2
"Florida","SUNY Binghamton",1
"UT Austin","SUNY Binghamton",1
"Pittsburgh","SUNY Binghamton",1
"Penn State","SUNY Binghamton",1
"Indiana","SUNY Binghamton",2
"Utah","SUNY Binghamton",1
"USC","SUNY Binghamton",1
"SUNY Buffalo","SUNY Binghamton",3
"UT Dallas","SUNY Binghamton",1
"Case Western","SUNY Binghamton",1
"Syracuse","SUNY Binghamton",1
"Virginia Tech","SUNY Binghamton",1
"Oklahoma","SUNY Binghamton",1
"Louisiana State","SUNY Binghamton",2
"Stanford","Iowa State",1
"UC Berkeley","Iowa State",1
"Rochester","Iowa State",1
"Northwestern","Iowa State",1
"Michigan","Iowa State",1
"Carnegie Mellon","Iowa State",2
"Wisconsin","Iowa State",2
"Minnesota","Iowa State",3
"Illinois, Urb. Champ.","Iowa State",1
"Purdue","Iowa State",2
"Ohio State","Iowa State",3
"Iowa","Iowa State",6
"Wash. U. in St. Louis","Iowa State",1
"UT Austin","Iowa State",3
"Pittsburgh","Iowa State",1
"Penn State","Iowa State",1
"Maryland","Iowa State",1
"Indiana","Iowa State",3
"Michigan State","Iowa State",2
"UC Irvine","Iowa State",1
"Utah","Iowa State",3
"USC","Iowa State",1
"UT Dallas","Iowa State",2
"Georgia","Iowa State",1
"Arizona State","Iowa State",2
"South Carolina","Iowa State",1
"Virginia Tech","Iowa State",2
"Florida State","Iowa State",1
"Oklahoma","Iowa State",3
"Houston","Iowa State",2
"Kansas","Iowa State",2
"Kentucky","Iowa State",1
"Alabama","Iowa State",1
"Oklahoma State","Iowa State",1
"Miami","Iowa State",1
"Stanford","CUNY Baruch",2
"MIT","CUNY Baruch",3
"Harvard","CUNY Baruch",3
"UC Berkeley","CUNY Baruch",3
"Chicago","CUNY Baruch",1
"Cornell","CUNY Baruch",1
"Northwestern","CUNY Baruch",3
"Michigan","CUNY Baruch",2
"Columbia","CUNY Baruch",14
"UPenn","CUNY Baruch",2
"Carnegie Mellon","CUNY Baruch",3
"Wisconsin","CUNY Baruch",1
"NYU","CUNY Baruch",14
"Minnesota","CUNY Baruch",2
"Illinois, Urb. Champ.","CUNY Baruch",1
"Duke","CUNY Baruch",2
"Purdue","CUNY Baruch",3
"Iowa","CUNY Baruch",1
"UNC","CUNY Baruch",3
"Wash. U. in St. Louis","CUNY Baruch",2
"UT Austin","CUNY Baruch",3
"Pittsburgh","CUNY Baruch",2
"Penn State","CUNY Baruch",1
"Washington","CUNY Baruch",1
"Maryland","CUNY Baruch",3
"Indiana","CUNY Baruch",1
"Michigan State","CUNY Baruch",1
"Arizona","CUNY Baruch",1
"Oregon","CUNY Baruch",1
"SUNY Buffalo","CUNY Baruch",4
"UT Dallas","CUNY Baruch",2
"Case Western","CUNY Baruch",2
"Georgia","CUNY Baruch",3
"Vanderbilt","CUNY Baruch",1
"Tulane","CUNY Baruch",1
"Boston College","CUNY Baruch",2
"Rutgers","CUNY Baruch",4
"Kansas","CUNY Baruch",1
"Tennessee","CUNY Baruch",1
"Temple","CUNY Baruch",1
"Auburn","CUNY Baruch",1
"Stanford","Hawaii",4
"MIT","Hawaii",3
"Chicago","Hawaii",1
"Northwestern","Hawaii",1
"Michigan","Hawaii",2
"UPenn","Hawaii",3
"Carnegie Mellon","Hawaii",2
"UCLA","Hawaii",1
"NYU","Hawaii",2
"Minnesota","Hawaii",1
"Illinois, Urb. Champ.","Hawaii",1
"Duke","Hawaii",1
"Purdue","Hawaii",3
"Ohio State","Hawaii",1
"UNC","Hawaii",1
"UT Austin","Hawaii",2
"Pittsburgh","Hawaii",1
"Maryland","Hawaii",1
"Indiana","Hawaii",1
"Michigan State","Hawaii",2
"Georgia Tech","Hawaii",1
"Colorado, Boulder","Hawaii",1
"Arizona","Hawaii",2
"Utah","Hawaii",1
"Syracuse","Hawaii",1
"South Carolina","Hawaii",1
"Oklahoma","Hawaii",1
"Oklahoma State","Hawaii",3
"Illinois, Urb. Champ.","Mississippi",1
"Ohio State","Mississippi",2
"Florida","Mississippi",2
"UT Austin","Mississippi",2
"Indiana","Mississippi",1
"Michigan State","Mississippi",2
"Arizona","Mississippi",2
"Georgia","Mississippi",4
"Arizona State","Mississippi",1
"Florida State","Mississippi",2
"Oklahoma","Mississippi",1
"Tulane","Mississippi",1
"Houston","Mississippi",1
"Kansas","Mississippi",1
"Louisiana State","Mississippi",1
"Arkansas","Mississippi",2
"Tennessee","Mississippi",3
"Chicago","Missouri, St. Louis",1
"Northwestern","Missouri, St. Louis",2
"Michigan","Missouri, St. Louis",1
"Yale","Missouri, St. Louis",1
"Illinois, Urb. Champ.","Missouri, St. Louis",2
"Purdue","Missouri, St. Louis",2
"Ohio State","Missouri, St. Louis",1
"Iowa","Missouri, St. Louis",4
"Florida","Missouri, St. Louis",1
"UT Austin","Missouri, St. Louis",2
"Pittsburgh","Missouri, St. Louis",3
"Penn State","Missouri, St. Louis",1
"Michigan State","Missouri, St. Louis",1
"Georgia Tech","Missouri, St. Louis",2
"Colorado, Boulder","Missouri, St. Louis",2
"Arizona","Missouri, St. Louis",1
"Oregon","Missouri, St. Louis",1
"UT Dallas","Missouri, St. Louis",1
"TexasAM","Missouri, St. Louis",2
"Arizona State","Missouri, St. Louis",1
"Cincinnati","Missouri, St. Louis",1
"Houston","Missouri, St. Louis",2
"Kansas","Missouri, St. Louis",1
"Stanford","Georgetown",4
"MIT","Georgetown",1
"UC Berkeley","Georgetown",4
"Chicago","Georgetown",2
"Cornell","Georgetown",3
"Northwestern","Georgetown",2
"Michigan","Georgetown",2
"Columbia","Georgetown",4
"UPenn","Georgetown",3
"NYU","Georgetown",3
"Illinois, Urb. Champ.","Georgetown",1
"Duke","Georgetown",6
"Ohio State","Georgetown",4
"UNC","Georgetown",3
"Wash. U. in St. Louis","Georgetown",2
"Florida","Georgetown",1
"Pittsburgh","Georgetown",2
"Penn State","Georgetown",1
"Washington","Georgetown",1
"Maryland","Georgetown",3
"Indiana","Georgetown",1
"Georgia Tech","Georgetown",1
"Arizona","Georgetown",1
"Emory","Georgetown",1
"Case Western","Georgetown",2
"South Carolina","Georgetown",2
"Kansas","Georgetown",1
"George Washington","Georgetown",1
"Iowa State","Georgetown",1
"Stanford","Drexel",1
"UC Berkeley","Drexel",2
"Rochester","Drexel",1
"Chicago","Drexel",2
"Northwestern","Drexel",1
"Michigan","Drexel",2
"Columbia","Drexel",2
"Yale","Drexel",1
"UPenn","Drexel",8
"NYU","Drexel",2
"Minnesota","Drexel",3
"Illinois, Urb. Champ.","Drexel",2
"Duke","Drexel",2
"Ohio State","Drexel",1
"Iowa","Drexel",1
"UNC","Drexel",1
"Wash. U. in St. Louis","Drexel",1
"Florida","Drexel",1
"UT Austin","Drexel",6
"Pittsburgh","Drexel",2
"Penn State","Drexel",6
"Maryland","Drexel",2
"Indiana","Drexel",1
"Michigan State","Drexel",2
"Georgia Tech","Drexel",1
"TexasAM","Drexel",1
"Case Western","Drexel",1
"Georgia","Drexel",1
"Arizona State","Drexel",1
"South Carolina","Drexel",1
"UConn","Drexel",1
"Boston College","Drexel",2
"Kansas","Drexel",2
"Louisiana State","Drexel",1
"Tennessee","Drexel",1
"Temple","Drexel",4
"Michigan","Auburn",1
"UPenn","Auburn",2
"Illinois, Urb. Champ.","Auburn",1
"Purdue","Auburn",1
"Ohio State","Auburn",3
"Penn State","Auburn",2
"Washington","Auburn",1
"Michigan State","Auburn",2
"Georgia Tech","Auburn",1
"Arizona","Auburn",1
"TexasAM","Auburn",6
"Emory","Auburn",1
"Georgia","Auburn",6
"South Carolina","Auburn",2
"Virginia Tech","Auburn",4
"Florida State","Auburn",6
"Louisiana State","Auburn",2
"Arkansas","Auburn",1
"Tennessee","Auburn",6
"Kentucky","Auburn",1
"Alabama","Auburn",3
"Mississippi","Auburn",1
"Stanford","Notre Dame",1
"UC Berkeley","Notre Dame",1
"Chicago","Notre Dame",4
"Cornell","Notre Dame",1
"Northwestern","Notre Dame",5
"Michigan","Notre Dame",2
"Columbia","Notre Dame",1
"UPenn","Notre Dame",2
"Carnegie Mellon","Notre Dame",1
"Wisconsin","Notre Dame",3
"Minnesota","Notre Dame",1
"Illinois, Urb. Champ.","Notre Dame",10
"Purdue","Notre Dame",2
"Ohio State","Notre Dame",4
"Iowa","Notre Dame",3
"UNC","Notre Dame",1
"Wash. U. in St. Louis","Notre Dame",1
"Florida","Notre Dame",2
"UT Austin","Notre Dame",2
"Penn State","Notre Dame",3
"Maryland","Notre Dame",1
"Indiana","Notre Dame",4
"Michigan State","Notre Dame",1
"Georgia Tech","Notre Dame",1
"Utah","Notre Dame",1
"SUNY Buffalo","Notre Dame",1
"UT Dallas","Notre Dame",1
"TexasAM","Notre Dame",2
"Case Western","Notre Dame",1
"Georgia","Notre Dame",1
"Vanderbilt","Notre Dame",1
"Syracuse","Notre Dame",2
"Arizona State","Notre Dame",1
"Florida State","Notre Dame",1
"Oklahoma","Notre Dame",1
"Boston College","Notre Dame",1
"Cincinnati","Notre Dame",1
"Houston","Notre Dame",1
"Kentucky","Notre Dame",1
"Temple","Notre Dame",1
"MIT","NC State",2
"Harvard","NC State",1
"Chicago","NC State",1
"Northwestern","NC State",1
"Michigan","NC State",1
"Wisconsin","NC State",1
"UCLA","NC State",4
"Minnesota","NC State",1
"Duke","NC State",1
"Purdue","NC State",4
"Ohio State","NC State",2
"Iowa","NC State",2
"UNC","NC State",8
"Florida","NC State",3
"UT Austin","NC State",1
"Pittsburgh","NC State",1
"Penn State","NC State",1
"Washington","NC State",1
"Maryland","NC State",4
"Indiana","NC State",2
"Michigan State","NC State",3
"Georgia Tech","NC State",1
"Virginia","NC State",1
"TexasAM","NC State",2
"Case Western","NC State",1
"Vanderbilt","NC State",1
"Arizona State","NC State",6
"South Carolina","NC State",1
"Virginia Tech","NC State",1
"Florida State","NC State",2
"Oklahoma","NC State",1
"Tulane","NC State",1
"Tennessee","NC State",1
"Drexel","NC State",1
"Northeastern","NC State",1
"Stanford","Miami",1
"MIT","Miami",1
"Harvard","Miami",1
"UC Berkeley","Miami",3
"Rochester","Miami",3
"Chicago","Miami",5
"Cornell","Miami",4
"Michigan","Miami",2
"Yale","Miami",1
"UPenn","Miami",1
"Carnegie Mellon","Miami",4
"Wisconsin","Miami",1
"UCLA","Miami",1
"NYU","Miami",3
"Minnesota","Miami",1
"Illinois, Urb. Champ.","Miami",3
"Duke","Miami",2
"Ohio State","Miami",1
"Iowa","Miami",1
"Wash. U. in St. Louis","Miami",1
"Florida","Miami",3
"UT Austin","Miami",3
"Pittsburgh","Miami",1
"Penn State","Miami",4
"Washington","Miami",1
"Maryland","Miami",3
"Indiana","Miami",1
"Georgia Tech","Miami",2
"USC","Miami",2
"UMass Amherst","Miami",1
"TexasAM","Miami",1
"Arizona State","Miami",2
"South Carolina","Miami",1
"Virginia Tech","Miami",1
"Cincinnati","Miami",1
"Kansas","Miami",1
"Temple","Miami",2
"George Washington","Miami",1
"SUNY Binghamton","Miami",1
"Michigan","Saint Louis",1
"Columbia","Saint Louis",1
"UCLA","Saint Louis",1
"NYU","Saint Louis",1
"Illinois, Urb. Champ.","Saint Louis",5
"Duke","Saint Louis",1
"Purdue","Saint Louis",1
"Ohio State","Saint Louis",1
"Wash. U. in St. Louis","Saint Louis",2
"Pittsburgh","Saint Louis",1
"Indiana","Saint Louis",3
"Michigan State","Saint Louis",3
"SUNY Buffalo","Saint Louis",1
"Georgia","Saint Louis",1
"Syracuse","Saint Louis",1
"South Carolina","Saint Louis",2
"Cincinnati","Saint Louis",1
"George Washington","Saint Louis",1
"Alabama","Saint Louis",1
"Oklahoma State","Saint Louis",1
"MIT","Worcester",1
"Cornell","Worcester",1
"Carnegie Mellon","Worcester",1
"Purdue","Worcester",2
"Pittsburgh","Worcester",1
"Penn State","Worcester",1
"Michigan State","Worcester",1
"UMass Amherst","Worcester",1
"TexasAM","Worcester",1
"Georgia","Worcester",1
"Syracuse","Worcester",2
"Claremont","Worcester",1
"Boston College","Worcester",1
"Hawaii","Worcester",1
"Stanford","William and Mary",1
"Harvard","William and Mary",1
"Cornell","William and Mary",1
"Northwestern","William and Mary",1
"Michigan","William and Mary",1
"Carnegie Mellon","William and Mary",1
"NYU","William and Mary",1
"Minnesota","William and Mary",2
"Purdue","William and Mary",1
"Ohio State","William and Mary",1
"UNC","William and Mary",2
"Florida","William and Mary",1
"UT Austin","William and Mary",2
"Pittsburgh","William and Mary",1
"Penn State","William and Mary",3
"Washington","William and Mary",1
"Maryland","William and Mary",2
"Indiana","William and Mary",1
"Michigan State","William and Mary",1
"Colorado, Boulder","William and Mary",1
"Arizona","William and Mary",1
"Virginia","William and Mary",3
"UMass Amherst","William and Mary",1
"Case Western","William and Mary",2
"Georgia","William and Mary",1
"Syracuse","William and Mary",1
"Virginia Tech","William and Mary",2
"Oklahoma","William and Mary",1
"Boston College","William and Mary",3
"Cornell","Clarkson",2
"Michigan","Clarkson",1
"Carnegie Mellon","Clarkson",1
"Minnesota","Clarkson",2
"Wash. U. in St. Louis","Clarkson",1
"UT Austin","Clarkson",1
"Pittsburgh","Clarkson",1
"Michigan State","Clarkson",4
"UMass Amherst","Clarkson",1
"Virginia Tech","Clarkson",2
"SUNY Binghamton","Clarkson",1
"Stanford","Brigham Young",4
"MIT","Brigham Young",3
"Harvard","Brigham Young",1
"UC Berkeley","Brigham Young",5
"Rochester","Brigham Young",1
"Cornell","Brigham Young",3
"Northwestern","Brigham Young",1
"Michigan","Brigham Young",4
"Yale","Brigham Young",1
"UPenn","Brigham Young",5
"Carnegie Mellon","Brigham Young",3
"Wisconsin","Brigham Young",2
"UCLA","Brigham Young",1
"Minnesota","Brigham Young",5
"Purdue","Brigham Young",1
"Ohio State","Brigham Young",2
"Florida","Brigham Young",2
"UT Austin","Brigham Young",6
"Penn State","Brigham Young",2
"Washington","Brigham Young",8
"Indiana","Brigham Young",7
"Michigan State","Brigham Young",1
"UC Irvine","Brigham Young",1
"Arizona","Brigham Young",3
"Utah","Brigham Young",7
"Oregon","Brigham Young",1
"USC","Brigham Young",1
"Virginia","Brigham Young",1
"TexasAM","Brigham Young",4
"Emory","Brigham Young",1
"Georgia","Brigham Young",4
"Arizona State","Brigham Young",1
"South Carolina","Brigham Young",1
"Florida State","Brigham Young",1
"Houston","Brigham Young",1
"Oklahoma State","Brigham Young",3
"Stanford","Fordham",1
"MIT","Fordham",1
"UC Berkeley","Fordham",2
"Rochester","Fordham",1
"Chicago","Fordham",4
"Cornell","Fordham",1
"Northwestern","Fordham",4
"Michigan","Fordham",1
"Columbia","Fordham",7
"Yale","Fordham",1
"UPenn","Fordham",4
"Carnegie Mellon","Fordham",1
"NYU","Fordham",12
"Minnesota","Fordham",1
"Illinois, Urb. Champ.","Fordham",1
"UNC","Fordham",2
"Wash. U. in St. Louis","Fordham",1
"Florida","Fordham",1
"UT Austin","Fordham",1
"Penn State","Fordham",1
"Washington","Fordham",1
"Maryland","Fordham",2
"Indiana","Fordham",1
"Michigan State","Fordham",2
"UC Irvine","Fordham",1
"Utah","Fordham",1
"Oregon","Fordham",1
"USC","Fordham",1
"Boston","Fordham",1
"South Carolina","Fordham",1
"UConn","Fordham",1
"Boston College","Fordham",2
"Houston","Fordham",1
"Rutgers","Fordham",5
"Temple","Fordham",1
"CUNY Baruch","Fordham",9
"Stanford","Santa Clara",6
"Harvard","Santa Clara",1
"UC Berkeley","Santa Clara",10
"Cornell","Santa Clara",1
"Northwestern","Santa Clara",2
"Michigan","Santa Clara",1
"Columbia","Santa Clara",3
"UPenn","Santa Clara",1
"Carnegie Mellon","Santa Clara",1
"UCLA","Santa Clara",4
"NYU","Santa Clara",2
"Illinois, Urb. Champ.","Santa Clara",4
"Purdue","Santa Clara",3
"Ohio State","Santa Clara",2
"Iowa","Santa Clara",1
"UNC","Santa Clara",1
"Wash. U. in St. Louis","Santa Clara",1
"Florida","Santa Clara",1
"UT Austin","Santa Clara",4
"Washington","Santa Clara",3
"Maryland","Santa Clara",1
"Indiana","Santa Clara",1
"UC Irvine","Santa Clara",1
"Arizona","Santa Clara",2
"Oregon","Santa Clara",1
"USC","Santa Clara",2
"SUNY Buffalo","Santa Clara",1
"UT Dallas","Santa Clara",1
"UMass Amherst","Santa Clara",1
"Emory","Santa Clara",1
"Virginia Tech","Santa Clara",1
"Cincinnati","Santa Clara",1
"Rutgers","Santa Clara",1
"NC State","Santa Clara",1
"UC Berkeley","Portland State",1
"Chicago","Portland State",1
"Cornell","Portland State",1
"Carnegie Mellon","Portland State",1
"Wisconsin","Portland State",1
"UCLA","Portland State",1
"NYU","Portland State",1
"Illinois, Urb. Champ.","Portland State",2
"Purdue","Portland State",1
"Wash. U. in St. Louis","Portland State",2
"Florida","Portland State",1
"Washington","Portland State",1
"Michigan State","Portland State",3
"Georgia Tech","Portland State",1
"Colorado, Boulder","Portland State",2
"Arizona","Portland State",1
"Utah","Portland State",4
"Oregon","Portland State",3
"UT Dallas","Portland State",1
"TexasAM","Portland State",1
"Arizona State","Portland State",3
"South Carolina","Portland State",1
"Cincinnati","Portland State",1
"Tennessee","Portland State",1
"George Washington","Portland State",1
"Alabama","Portland State",1
"Cornell","Rollins",1
"Michigan","Rollins",1
"Columbia","Rollins",1
"NYU","Rollins",1
"Purdue","Rollins",1
"Ohio State","Rollins",1
"Florida","Rollins",1
"Penn State","Rollins",1
"USC","Rollins",1
"TexasAM","Rollins",2
"South Carolina","Rollins",1
"Florida State","Rollins",2
"Kentucky","Rollins",1
"Alabama","Rollins",1
"Oklahoma State","Rollins",1
"Stanford","Northeastern",2
"MIT","Northeastern",6
"Harvard","Northeastern",8
"UC Berkeley","Northeastern",2
"Cornell","Northeastern",2
"Michigan","Northeastern",3
"Columbia","Northeastern",2
"UPenn","Northeastern",4
"Wisconsin","Northeastern",1
"NYU","Northeastern",2
"Minnesota","Northeastern",2
"Ohio State","Northeastern",3
"UNC","Northeastern",3
"Florida","Northeastern",1
"Pittsburgh","Northeastern",2
"Penn State","Northeastern",3
"Maryland","Northeastern",2
"Indiana","Northeastern",1
"Michigan State","Northeastern",2
"Arizona","Northeastern",1
"Oregon","Northeastern",1
"USC","Northeastern",2
"SUNY Buffalo","Northeastern",2
"UT Dallas","Northeastern",1
"Virginia","Northeastern",1
"Boston","Northeastern",3
"UMass Amherst","Northeastern",4
"Case Western","Northeastern",1
"Syracuse","Northeastern",1
"Arizona State","Northeastern",1
"South Carolina","Northeastern",5
"Virginia Tech","Northeastern",4
"Florida State","Northeastern",1
"Tulane","Northeastern",1
"UConn","Northeastern",2
"Boston College","Northeastern",1
"Rutgers","Northeastern",1
"Louisiana State","Northeastern",1
"Arkansas","Northeastern",1
"Tennessee","Northeastern",1
"Temple","Northeastern",1
"Iowa State","Northeastern",1
"Missouri, St. Louis","Northeastern",1
"Bentley","Northeastern",1
"Harvard","Miami at Ohio",2
"UC Berkeley","Miami at Ohio",1
"Cornell","Miami at Ohio",3
"Northwestern","Miami at Ohio",1
"Carnegie Mellon","Miami at Ohio",1
"Minnesota","Miami at Ohio",1
"Illinois, Urb. Champ.","Miami at Ohio",6
"Purdue","Miami at Ohio",1
"Ohio State","Miami at Ohio",5
"Iowa","Miami at Ohio",3
"UNC","Miami at Ohio",1
"Wash. U. in St. Louis","Miami at Ohio",2
"Florida","Miami at Ohio",2
"UT Austin","Miami at Ohio",1
"Pittsburgh","Miami at Ohio",2
"Penn State","Miami at Ohio",2
"Washington","Miami at Ohio",1
"Indiana","Miami at Ohio",5
"Michigan State","Miami at Ohio",5
"Arizona","Miami at Ohio",1
"UT Dallas","Miami at Ohio",1
"Virginia","Miami at Ohio",1
"TexasAM","Miami at Ohio",2
"Georgia","Miami at Ohio",3
"Arizona State","Miami at Ohio",1
"South Carolina","Miami at Ohio",2
"Florida State","Miami at Ohio",2
"Cincinnati","Miami at Ohio",8
"Houston","Miami at Ohio",1
"Rutgers","Miami at Ohio",1
"Kansas","Miami at Ohio",1
"Louisiana State","Miami at Ohio",1
"Tennessee","Miami at Ohio",2
"Kentucky","Miami at Ohio",3
"SMU","Miami at Ohio",1
"Alabama","Miami at Ohio",1
"Iowa State","Miami at Ohio",1
"Auburn","Miami at Ohio",1
"MIT","Bentley",6
"Harvard","Bentley",11
"Rochester","Bentley",2
"Chicago","Bentley",4
"Cornell","Bentley",3
"Northwestern","Bentley",2
"Michigan","Bentley",3
"Columbia","Bentley",4
"Yale","Bentley",4
"Carnegie Mellon","Bentley",1
"Wisconsin","Bentley",6
"Minnesota","Bentley",1
"Illinois, Urb. Champ.","Bentley",5
"Purdue","Bentley",1
"Iowa","Bentley",1
"UNC","Bentley",3
"UT Austin","Bentley",3
"Pittsburgh","Bentley",1
"Penn State","Bentley",1
"Maryland","Bentley",3
"Indiana","Bentley",9
"Michigan State","Bentley",3
"Georgia Tech","Bentley",1
"Colorado, Boulder","Bentley",3
"UC Irvine","Bentley",1
"Arizona","Bentley",1
"Oregon","Bentley",2
"SUNY Buffalo","Bentley",2
"Virginia","Bentley",1
"Boston","Bentley",19
"UMass Amherst","Bentley",5
"TexasAM","Bentley",4
"Case Western","Bentley",4
"UC Davis","Bentley",1
"Georgia","Bentley",1
"Syracuse","Bentley",1
"Arizona State","Bentley",1
"Virginia Tech","Bentley",3
"UConn","Bentley",4
"Boston College","Bentley",1
"Houston","Bentley",2
"Rutgers","Bentley",5
"Louisiana State","Bentley",1
"Arkansas","Bentley",1
"Tennessee","Bentley",1
"Kentucky","Bentley",1
"George Washington","Bentley",1
"SUNY Binghamton","Bentley",1
"Georgetown","Bentley",1
"Worcester","Bentley",1
"MIT","Howard",1
"Harvard","Howard",1
"Chicago","Howard",1
"Wisconsin","Howard",1
"UCLA","Howard",1
"NYU","Howard",1
"Ohio State","Howard",2
"UT Austin","Howard",1
"Penn State","Howard",1
"Maryland","Howard",3
"Indiana","Howard",1
"UC Irvine","Howard",1
"Virginia","Howard",1
"UMass Amherst","Howard",1
"Georgia","Howard",1
"Virginia Tech","Howard",1
"Florida State","Howard",1
"Cincinnati","Howard",1
"Temple","Howard",1
"George Washington","Howard",6
"Alabama","Howard",1
"MIT","Rochester Inst. Tech.",1
"Northwestern","Rochester Inst. Tech.",1
"Michigan","Rochester Inst. Tech.",1
"Ohio State","Rochester Inst. Tech.",1
"Indiana","Rochester Inst. Tech.",1
"Michigan State","Rochester Inst. Tech.",2
"Arizona","Rochester Inst. Tech.",1
"SUNY Buffalo","Rochester Inst. Tech.",3
"Virginia","Rochester Inst. Tech.",1
"Emory","Rochester Inst. Tech.",1
"Case Western","Rochester Inst. Tech.",2
"Syracuse","Rochester Inst. Tech.",2
"Arizona State","Rochester Inst. Tech.",1
"South Carolina","Rochester Inst. Tech.",1
"Cincinnati","Rochester Inst. Tech.",1
"Rutgers","Rochester Inst. Tech.",1
"Arkansas","Rochester Inst. Tech.",1
"George Washington","Rochester Inst. Tech.",1
"Alabama","Rochester Inst. Tech.",2
"SUNY Binghamton","Rochester Inst. Tech.",2
"MIT","Texas Christian",1
"Cornell","Texas Christian",2
"Michigan","Texas Christian",3
"UPenn","Texas Christian",1
"NYU","Texas Christian",2
"Minnesota","Texas Christian",1
"Purdue","Texas Christian",6
"Iowa","Texas Christian",1
"UNC","Texas Christian",4
"UT Austin","Texas Christian",5
"Penn State","Texas Christian",1
"Indiana","Texas Christian",1
"Michigan State","Texas Christian",2
"Colorado, Boulder","Texas Christian",1
"UC Irvine","Texas Christian",1
"Arizona","Texas Christian",1
"Utah","Texas Christian",3
"TexasAM","Texas Christian",3
"Georgia","Texas Christian",2
"Arizona State","Texas Christian",2
"UConn","Texas Christian",1
"Houston","Texas Christian",2
"Kansas","Texas Christian",1
"Louisiana State","Texas Christian",1
"Arkansas","Texas Christian",1
"Tennessee","Texas Christian",1
"Alabama","Texas Christian",1
"Oklahoma State","Texas Christian",1
"Auburn","Texas Christian",1
"Florida","Abilene",1
"UT Austin","Abilene",1
"Indiana","Abilene",1
"Colorado, Boulder","Abilene",1
"TexasAM","Abilene",4
"Arizona State","Abilene",2
"Kansas","Abilene",1
"SMU","Abilene",1
"Oklahoma State","Abilene",1
"Brigham Young","Abilene",1
"Stanford","Babson",2
"MIT","Babson",2
"Harvard","Babson",11
"Chicago","Babson",1
"Cornell","Babson",2
"Columbia","Babson",3
"Yale","Babson",1
"UPenn","Babson",1
"Wisconsin","Babson",2
"UCLA","Babson",4
"NYU","Babson",4
"Duke","Babson",1
"Purdue","Babson",1
"Ohio State","Babson",2
"UNC","Babson",1
"UT Austin","Babson",3
"Pittsburgh","Babson",1
"Penn State","Babson",2
"Indiana","Babson",4
"Michigan State","Babson",1
"Colorado, Boulder","Babson",2
"Arizona","Babson",1
"USC","Babson",1
"Virginia","Babson",3
"Boston","Babson",5
"UMass Amherst","Babson",4
"TexasAM","Babson",2
"Syracuse","Babson",1
"Virginia Tech","Babson",1
"Florida State","Babson",1
"UConn","Babson",2
"Boston College","Babson",5
"Tennessee","Babson",1
"Northeastern","Babson",1
"Stanford","Pepperdine",2
"Harvard","Pepperdine",1
"Northwestern","Pepperdine",1
"UCLA","Pepperdine",3
"NYU","Pepperdine",2
"Minnesota","Pepperdine",1
"Purdue","Pepperdine",2
"UNC","Pepperdine",1
"Wash. U. in St. Louis","Pepperdine",1
"Florida","Pepperdine",1
"UT Austin","Pepperdine",2
"Pittsburgh","Pepperdine",1
"Maryland","Pepperdine",1
"Indiana","Pepperdine",1
"Michigan State","Pepperdine",2
"Colorado, Boulder","Pepperdine",2
"UC Irvine","Pepperdine",2
"Utah","Pepperdine",1
"USC","Pepperdine",10
"TexasAM","Pepperdine",1
"Case Western","Pepperdine",1
"Georgia","Pepperdine",1
"Claremont","Pepperdine",5
"Louisiana State","Pepperdine",1
"Arkansas","Pepperdine",2
"Kentucky","Pepperdine",2
"Oklahoma State","Pepperdine",1
"Drexel","Pepperdine",2
"Chicago","Denver",1
"Cornell","Denver",2
"Michigan","Denver",2
"UPenn","Denver",1
"Wisconsin","Denver",1
"NYU","Denver",1
"Minnesota","Denver",1
"Illinois, Urb. Champ.","Denver",1
"Ohio State","Denver",1
"Florida","Denver",1
"UT Austin","Denver",1
"Penn State","Denver",2
"Washington","Denver",2
"Maryland","Denver",1
"Michigan State","Denver",1
"Colorado, Boulder","Denver",6
"Arizona","Denver",1
"Oregon","Denver",1
"USC","Denver",3
"Georgia","Denver",2
"Syracuse","Denver",2
"Virginia Tech","Denver",2
"Florida State","Denver",3
"Oklahoma","Denver",1
"Cincinnati","Denver",1
"Houston","Denver",1
"Arkansas","Denver",1
"SMU","Denver",1
"Hawaii","Denver",1
"Saint Louis","Denver",1
"Stanford","Wake Forest",1
"Harvard","Wake Forest",1
"UC Berkeley","Wake Forest",1
"Chicago","Wake Forest",2
"Duke","Wake Forest",2
"Purdue","Wake Forest",1
"Ohio State","Wake Forest",3
"UNC","Wake Forest",9
"UT Austin","Wake Forest",2
"Maryland","Wake Forest",1
"Indiana","Wake Forest",1
"Colorado, Boulder","Wake Forest",1
"Oregon","Wake Forest",1
"USC","Wake Forest",1
"Virginia","Wake Forest",2
"Georgia","Wake Forest",3
"Syracuse","Wake Forest",1
"Arizona State","Wake Forest",1
"Virginia Tech","Wake Forest",2
"Florida State","Wake Forest",2
"Cincinnati","Wake Forest",1
"Tennessee","Wake Forest",2
"Kentucky","Wake Forest",2
"SMU","Wake Forest",1
"Alabama","Wake Forest",2
"Auburn","Wake Forest",1
"Miami","Wake Forest",1
"Stanford","Thunderbird",1
"Cornell","Thunderbird",2
"Michigan","Thunderbird",1
"Wisconsin","Thunderbird",1
"Minnesota","Thunderbird",1
"Illinois, Urb. Champ.","Thunderbird",1
"Ohio State","Thunderbird",1
"Iowa","Thunderbird",1
"Florida","Thunderbird",1
"Penn State","Thunderbird",1
"Washington","Thunderbird",2
"Michigan State","Thunderbird",1
"Colorado, Boulder","Thunderbird",2
"USC","Thunderbird",3
"Syracuse","Thunderbird",1
"Arizona State","Thunderbird",5
"South Carolina","Thunderbird",1
"Virginia Tech","Thunderbird",1
"Cincinnati","Thunderbird",1
"Arkansas","Thunderbird",1
"Hawaii","Thunderbird",1
"Miami at Ohio","Thunderbird",1
"Stanford","Pace",1
"Harvard","Pace",1
"Chicago","Pace",1
"Cornell","Pace",1
"Northwestern","Pace",1
"Columbia","Pace",9
"Yale","Pace",2
"UPenn","Pace",1
"UCLA","Pace",1
"NYU","Pace",10
"Purdue","Pace",1
"Ohio State","Pace",1
"Colorado, Boulder","Pace",1
"UC Irvine","Pace",1
"Boston","Pace",1
"UMass Amherst","Pace",1
"Georgia","Pace",1
"South Carolina","Pace",1
"Virginia Tech","Pace",2
"UConn","Pace",1
"Cincinnati","Pace",1
"Rutgers","Pace",9
"Louisiana State","Pace",1
"Oklahoma State","Pace",1
"CUNY Baruch","Pace",8
"Drexel","Pace",2
"Fordham","Pace",3
"MIT","Baylor",1
"UC Berkeley","Baylor",1
"Cornell","Baylor",1
"Michigan","Baylor",1
"UPenn","Baylor",1
"Minnesota","Baylor",1
"Illinois, Urb. Champ.","Baylor",4
"Purdue","Baylor",1
"Ohio State","Baylor",1
"Iowa","Baylor",2
"UNC","Baylor",3
"Florida","Baylor",2
"UT Austin","Baylor",6
"Indiana","Baylor",4
"Michigan State","Baylor",2
"UC Irvine","Baylor",1
"Arizona","Baylor",1
"Utah","Baylor",1
"USC","Baylor",1
"TexasAM","Baylor",8
"Georgia","Baylor",3
"Vanderbilt","Baylor",2
"Arizona State","Baylor",1
"South Carolina","Baylor",3
"Florida State","Baylor",3
"Oklahoma","Baylor",1
"UConn","Baylor",1
"Houston","Baylor",1
"Louisiana State","Baylor",3
"Arkansas","Baylor",3
"Tennessee","Baylor",1
"Kentucky","Baylor",1
"SMU","Baylor",1
"Oklahoma State","Baylor",3
"Mississippi","Baylor",2
"Notre Dame","Baylor",1
"Saint Louis","Baylor",1
"Stanford","DePaul",1
"MIT","DePaul",1
"Harvard","DePaul",2
"UC Berkeley","DePaul",1
"Chicago","DePaul",4
"Cornell","DePaul",3
"Northwestern","DePaul",8
"Michigan","DePaul",1
"Yale","DePaul",2
"Wisconsin","DePaul",5
"UCLA","DePaul",1
"Minnesota","DePaul",1
"Illinois, Urb. Champ.","DePaul",9
"Purdue","DePaul",2
"Ohio State","DePaul",2
"Iowa","DePaul",1
"UNC","DePaul",1
"Florida","DePaul",1
"UT Austin","DePaul",2
"Pittsburgh","DePaul",2
"Washington","DePaul",1
"Indiana","DePaul",1
"Michigan State","DePaul",5
"Arizona","DePaul",2
"UMass Amherst","DePaul",2
"TexasAM","DePaul",3
"Arizona State","DePaul",1
"South Carolina","DePaul",1
"Virginia Tech","DePaul",2
"Florida State","DePaul",1
"UConn","DePaul",1
"Boston College","DePaul",1
"Cincinnati","DePaul",2
"Houston","DePaul",2
"Rutgers","DePaul",1
"Kansas","DePaul",1
"Kentucky","DePaul",4
"Alabama","DePaul",2
"Oklahoma State","DePaul",1
"SUNY Binghamton","DePaul",1
"Iowa State","DePaul",1
"Notre Dame","DePaul",1
"NC State","DePaul",2
"Saint Louis","DePaul",1
"Stanford","Hofstra",1
"Columbia","Hofstra",1
"Yale","Hofstra",1
"NYU","Hofstra",11
"Duke","Hofstra",1
"Purdue","Hofstra",1
"Wash. U. in St. Louis","Hofstra",1
"Pittsburgh","Hofstra",1
"Penn State","Hofstra",1
"Indiana","Hofstra",3
"UMass Amherst","Hofstra",2
"Syracuse","Hofstra",1
"Arizona State","Hofstra",1
"UConn","Hofstra",1
"Houston","Hofstra",1
"Rutgers","Hofstra",2
"Arkansas","Hofstra",1
"Tennessee","Hofstra",2
"Kentucky","Hofstra",1
"George Washington","Hofstra",3
"Oklahoma State","Hofstra",1
"SUNY Binghamton","Hofstra",2
"CUNY Baruch","Hofstra",9
"Saint Louis","Hofstra",1
"Pace","Hofstra",1
