has,prefers,count
"Stanford","Stanford",9
"UC Berkeley","UC Berkeley",7
"MIT","MIT",27
"Caltech","Caltech",2
"Harvard","Harvard",2
"Cornell","Cornell",3
"Carnegie Mellon","Carnegie Mellon",23
"Princeton","Princeton",2
"Yale","Yale",0
"Washington","Washington",2
"Illinois, Urb. Champ.","Illinois, Urb. Champ.",3
"Wisconsin, Madison","Wisconsin, Madison",1
"UPenn","UPenn",1
"Rice","Rice",2
"UCLA","UCLA",4
"NYU","NYU",1
"Chicago","Chicago",0
"UT, Austin","UT, Austin",2
"Brown","Brown",1
"Columbia","Columbia",1
"Toronto","Toronto",17
"Rochester","Rochester",2
"Southern California","Southern California",3
"Johns Hopkins","Johns Hopkins",0
"UMass, Amherst","UMass, Amherst",2
"UC San Diego","UC San Diego",2
"Maryland, College Park","Maryland, College Park",2
"Michigan","Michigan",3
"UNC","UNC",2
"Duke","Duke",1
"SUNY Stony Brook","SUNY Stony Brook",2
"UC Irvine","UC Irvine",1
"Dartmouth","Dartmouth",0
"Virginia","Virginia",1
"Purdue","Purdue",2
"Minnesota, Minneapolis","Minnesota, Minneapolis",2
"Georgia Tech","Georgia Tech",6
"Rutgers","Rutgers",0
"Arizona","Arizona",2
"Penn. State","Penn. State",4
"Ohio State","Ohio State",2
"Northwestern","Northwestern",1
"Wash. U. St. Louis","Wash. U. St. Louis",2
"Pittsburgh","Pittsburgh",1
"Boston Univ.","Boston Univ.",0
"British Columbia","British Columbia",2
"Oregon","Oregon",0
"Syracuse","Syracuse",4
"UC Santa Barbara","UC Santa Barbara",1
"Utah","Utah",6
"UC Davis","UC Davis",0
"Texas A&M","Texas A&M",0
"Houston","Houston",1
"Michigan State","Michigan State",0
"Waterloo","Waterloo",8
"Colorado, Boulder","Colorado, Boulder",1
"McGill","McGill",5
"CUNY Graduate Center","CUNY Graduate Center",0
"Case Western","Case Western",1
"UC Riverside","UC Riverside",0
"Kansas","Kansas",1
"Florida State","Florida State",0
"William and Mary","William and Mary",0
"Lehigh","Lehigh",1
"Montreal","Montreal",13
"Simon Fraser","Simon Fraser",1
"Illinois, Chicago","Illinois, Chicago",1
"Cincinnati","Cincinnati",1
"UC Santa Cruz","UC Santa Cruz",0
"Rensselaer Polytech.","Rensselaer Polytech.",0
"Southern Methodist","Southern Methodist",2
"Central Florida","Central Florida",0
"New Mexico","New Mexico",1
"NC State","NC State",4
"SUNY Buffalo","SUNY Buffalo",2
"Stevens Inst. Tech.","Stevens Inst. Tech.",0
"Washington State, Pullman","Washington State, Pullman",0
"McMaster","McMaster",1
"Brandeis","Brandeis",0
"Alberta","Alberta",1
"George Washington","George Washington",2
"Poly. Inst. of NYU","Poly. Inst. of NYU",2
"Iowa","Iowa",0
"Delaware","Delaware",3
"Iowa State","Iowa State",0
"Vanderbilt","Vanderbilt",1
"Florida","Florida",1
"George Mason","George Mason",0
"Notre Dame","Notre Dame",1
"Wayne State","Wayne State",1
"Calgary","Calgary",4
"Louisiana, Lafayette","Louisiana, Lafayette",0
"Western Ontario","Western Ontario",3
"Carleton","Carleton",7
"Queens","Queens",2
"Wisconsin, Milwaukee","Wisconsin, Milwaukee",0
"Louisiana State","Louisiana State",0
"Texas, Arlington","Texas, Arlington",1
"Ottawa","Ottawa",5
"UConn","UConn",1
"Oregon Hlth & Sci","Oregon Hlth & Sci",2
"Arizona State","Arizona State",0
"Kansas State","Kansas State",4
"SUNY Albany","SUNY Albany",1
"South Florida","South Florida",0
"Virginia Tech","Virginia Tech",0
"Portland State","Portland State",0
"South Carolina","South Carolina",1
"Missouri Sci. & Tech.","Missouri Sci. & Tech.",0
"Oklahoma","Oklahoma",0
"Indiana","Indiana",5
"Illinois Inst. Tech.","Illinois Inst. Tech.",0
"Tennessee, Knoxville","Tennessee, Knoxville",1
"Miami","Miami",0
"New Jersey Inst. Tech.","New Jersey Inst. Tech.",0
"Kentucky","Kentucky",0
"SUNY Binghamton","SUNY Binghamton",1
"Colorado State","Colorado State",0
"Colorado, Denver","Colorado, Denver",0
"Texas, Dallas","Texas, Dallas",0
"Rhode Island","Rhode Island",1
"Toyota Tech. Chicago","Toyota Tech. Chicago",0
"Auburn","Auburn",1
"Drexel","Drexel",2
"Oregon State","Oregon State",0
"Manitoba","Manitoba",7
"Regina","Regina",3
"Nebraska, Lincoln","Nebraska, Lincoln",2
"Saskatchewan","Saskatchewan",0
"Florida Atlantic","Florida Atlantic",4
"Texas, San Antonio","Texas, San Antonio",1
"Denver","Denver",0
"Maryland, Balt. County","Maryland, Balt. County",1
"Oakland (Michigan)","Oakland (Michigan)",0
"Maine","Maine",1
"Clarkson","Clarkson",0
"New Mexico State","New Mexico State",2
"Memphis","Memphis",0
"Victoria","Victoria",1
"Concordia, Montreal","Concordia, Montreal",4
"Missouri, Kansas City","Missouri, Kansas City",1
"Missouri, Columbia","Missouri, Columbia",0
"Dalhousie","Dalhousie",4
"Virginia Commonwealth","Virginia Commonwealth",0
"Worcester Poly.","Worcester Poly.",0
"Old Dominion","Old Dominion",1
"Texas, El Paso","Texas, El Paso",0
"Naval Postgrad. Sch.","Naval Postgrad. Sch.",1
"UMass, Boston","UMass, Boston",0
"Wyoming","Wyoming",0
"York","York",1
"Georgia","Georgia",0
"Mississippi State","Mississippi State",3
"Tufts","Tufts",1
"Florida Intl","Florida Intl",1
"Southern Ill., Carbondale","Southern Ill., Carbondale",1
"Ohio","Ohio",0
"Claremont Graduate","Claremont Graduate",1
"Catholic Univ. America","Catholic Univ. America",0
"Clemson","Clemson",1
"UMass, Lowell","UMass, Lowell",0
"Oklahoma State","Oklahoma State",0
"UNC, Charlotte","UNC, Charlotte",0
"Alabama, Birmingham","Alabama, Birmingham",1
"Santa Clara","Santa Clara",0
"Hawaii, Manoa","Hawaii, Manoa",4
"Temple","Temple",2
"Toledo","Toledo",0
"Michigan Tech.","Michigan Tech.",0
"New Hampshire","New Hampshire",0
"Montana State","Montana State",0
"New Brunswick","New Brunswick",3
"Wright State","Wright State",0
"Western Michigan","Western Michigan",2
"Northeastern","Northeastern",0
"Alabama, Huntsville","Alabama, Huntsville",3
"Idaho, Moscow","Idaho, Moscow",1
"Texas Tech","Texas Tech",1
"Tulsa","Tulsa",2
"Mississippi","Mississippi",1
"Brigham Young","Brigham Young",8
"Long Island","Long Island",0
"Southern Mississippi","Southern Mississippi",0
"Colorado, Colorado Springs","Colorado, Colorado Springs",0
"Colorado School of Mines","Colorado School of Mines",0
"Georgia State","Georgia State",0
"Nevada, Las Vegas","Nevada, Las Vegas",0
"Kent State","Kent State",2
"Memorial Newfoundland","Memorial Newfoundland",1
"Utah State","Utah State",0
"DePaul","DePaul",3
"North Dakota State","North Dakota State",0
"Nova Southeastern","Nova Southeastern",10
"Arkansas, Fayetteville","Arkansas, Fayetteville",1
"Bridgeport","Bridgeport",0
"Louisville","Louisville",0
"Nebraska, Omaha","Nebraska, Omaha",0
"Florida Inst. Tech.","Florida Inst. Tech.",1
"Arkansas, Little Rock","Arkansas, Little Rock",0
"Rochester Inst. Tech.","Rochester Inst. Tech.",1
"Pace","Pace",0
"New Mexico Inst. Min. Tech.","New Mexico Inst. Min. Tech.",0
"Nevada, Reno","Nevada, Reno",0
"Alabama, Tuscaloosa","Alabama, Tuscaloosa",2
"North Texas, Denton","North Texas, Denton",0
"UC Berkeley","Stanford",8
"MIT","Stanford",8
"Caltech","Stanford",3
"Harvard","Stanford",2
"Cornell","Stanford",3
"Carnegie Mellon","Stanford",5
"Princeton","Stanford",1
"Yale","Stanford",1
"Wisconsin, Madison","Stanford",1
"UCLA","Stanford",2
"Michigan","Stanford",1
"UNC","Stanford",1
"SUNY Stony Brook","Stanford",1
"Waterloo","Stanford",1
"Stanford","UC Berkeley",9
"MIT","UC Berkeley",8
"Caltech","UC Berkeley",1
"Harvard","UC Berkeley",2
"Carnegie Mellon","UC Berkeley",5
"Princeton","UC Berkeley",1
"Washington","UC Berkeley",1
"Illinois, Urb. Champ.","UC Berkeley",1
"Wisconsin, Madison","UC Berkeley",2
"UCLA","UC Berkeley",1
"Chicago","UC Berkeley",1
"UC San Diego","UC Berkeley",1
"Georgia Tech","UC Berkeley",1
"Pittsburgh","UC Berkeley",1
"Utah","UC Berkeley",1
"Stanford","MIT",14
"UC Berkeley","MIT",12
"Caltech","MIT",2
"Harvard","MIT",3
"Cornell","MIT",1
"Carnegie Mellon","MIT",2
"Princeton","MIT",1
"Rice","MIT",1
"Columbia","MIT",1
"Toronto","MIT",1
"Minnesota, Minneapolis","MIT",1
"Waterloo","MIT",1
"UC Berkeley","Caltech",2
"MIT","Caltech",4
"Carnegie Mellon","Caltech",3
"Princeton","Caltech",1
"Rensselaer Polytech.","Caltech",1
"Stanford","Harvard",2
"UC Berkeley","Harvard",3
"MIT","Harvard",2
"Cornell","Harvard",1
"Carnegie Mellon","Harvard",2
"Princeton","Harvard",3
"Washington","Harvard",1
"UPenn","Harvard",1
"UMass, Amherst","Harvard",1
"SUNY Stony Brook","Harvard",1
"Penn. State","Harvard",1
"Stanford","Cornell",7
"UC Berkeley","Cornell",5
"MIT","Cornell",8
"Caltech","Cornell",3
"Harvard","Cornell",2
"Carnegie Mellon","Cornell",1
"Washington","Cornell",2
"Illinois, Urb. Champ.","Cornell",2
"Wisconsin, Madison","Cornell",2
"UPenn","Cornell",2
"Chicago","Cornell",1
"Toronto","Cornell",1
"Southern California","Cornell",1
"UMass, Amherst","Cornell",2
"Michigan","Cornell",1
"SUNY Stony Brook","Cornell",1
"Minnesota, Minneapolis","Cornell",1
"British Columbia","Cornell",1
"UC Santa Cruz","Cornell",1
"Stanford","Carnegie Mellon",11
"UC Berkeley","Carnegie Mellon",15
"MIT","Carnegie Mellon",17
"Caltech","Carnegie Mellon",2
"Harvard","Carnegie Mellon",4
"Cornell","Carnegie Mellon",3
"Princeton","Carnegie Mellon",1
"Yale","Carnegie Mellon",4
"Washington","Carnegie Mellon",2
"Wisconsin, Madison","Carnegie Mellon",1
"UCLA","Carnegie Mellon",1
"Chicago","Carnegie Mellon",3
"UT, Austin","Carnegie Mellon",1
"Brown","Carnegie Mellon",1
"Columbia","Carnegie Mellon",3
"Toronto","Carnegie Mellon",3
"Johns Hopkins","Carnegie Mellon",1
"UMass, Amherst","Carnegie Mellon",2
"Michigan","Carnegie Mellon",2
"UC Irvine","Carnegie Mellon",1
"Dartmouth","Carnegie Mellon",1
"Virginia","Carnegie Mellon",1
"Georgia Tech","Carnegie Mellon",2
"Ohio State","Carnegie Mellon",1
"Wash. U. St. Louis","Carnegie Mellon",1
"Pittsburgh","Carnegie Mellon",4
"Syracuse","Carnegie Mellon",1
"UC Santa Barbara","Carnegie Mellon",1
"Colorado, Boulder","Carnegie Mellon",1
"Stevens Inst. Tech.","Carnegie Mellon",1
"Nebraska, Lincoln","Carnegie Mellon",1
"Stanford","Princeton",7
"UC Berkeley","Princeton",3
"MIT","Princeton",3
"Harvard","Princeton",1
"Cornell","Princeton",1
"Carnegie Mellon","Princeton",2
"Yale","Princeton",2
"Washington","Princeton",2
"Illinois, Urb. Champ.","Princeton",1
"Rice","Princeton",1
"Toronto","Princeton",1
"Michigan","Princeton",1
"Purdue","Princeton",1
"Stanford","Yale",2
"UC Berkeley","Yale",1
"MIT","Yale",5
"Harvard","Yale",2
"Cornell","Yale",2
"Carnegie Mellon","Yale",1
"Princeton","Yale",1
"Rice","Yale",1
"UT, Austin","Yale",1
"SUNY Stony Brook","Yale",2
"Utah","Yale",1
"Drexel","Yale",1
"Stanford","Washington",5
"UC Berkeley","Washington",7
"MIT","Washington",7
"Caltech","Washington",1
"Cornell","Washington",1
"Carnegie Mellon","Washington",6
"Princeton","Washington",1
"Illinois, Urb. Champ.","Washington",1
"Wisconsin, Madison","Washington",1
"UPenn","Washington",1
"UT, Austin","Washington",1
"Toronto","Washington",4
"Rochester","Washington",1
"UC San Diego","Washington",1
"UC Irvine","Washington",1
"Georgia Tech","Washington",1
"UC Davis","Washington",1
"Southern Methodist","Washington",1
"Iowa","Washington",1
"Stanford","Illinois, Urb. Champ.",6
"UC Berkeley","Illinois, Urb. Champ.",4
"MIT","Illinois, Urb. Champ.",3
"Caltech","Illinois, Urb. Champ.",1
"Harvard","Illinois, Urb. Champ.",1
"Cornell","Illinois, Urb. Champ.",2
"Carnegie Mellon","Illinois, Urb. Champ.",3
"Princeton","Illinois, Urb. Champ.",1
"Yale","Illinois, Urb. Champ.",2
"Washington","Illinois, Urb. Champ.",1
"Wisconsin, Madison","Illinois, Urb. Champ.",5
"UPenn","Illinois, Urb. Champ.",1
"UC San Diego","Illinois, Urb. Champ.",1
"Michigan","Illinois, Urb. Champ.",4
"SUNY Stony Brook","Illinois, Urb. Champ.",2
"Minnesota, Minneapolis","Illinois, Urb. Champ.",1
"Georgia Tech","Illinois, Urb. Champ.",1
"Ohio State","Illinois, Urb. Champ.",1
"Colorado, Boulder","Illinois, Urb. Champ.",1
"Illinois, Chicago","Illinois, Urb. Champ.",1
"George Mason","Illinois, Urb. Champ.",1
"Stanford","Wisconsin, Madison",2
"UC Berkeley","Wisconsin, Madison",7
"MIT","Wisconsin, Madison",2
"Cornell","Wisconsin, Madison",3
"Carnegie Mellon","Wisconsin, Madison",6
"Washington","Wisconsin, Madison",4
"Illinois, Urb. Champ.","Wisconsin, Madison",3
"UCLA","Wisconsin, Madison",1
"Chicago","Wisconsin, Madison",1
"UT, Austin","Wisconsin, Madison",1
"UC San Diego","Wisconsin, Madison",1
"Maryland, College Park","Wisconsin, Madison",2
"Purdue","Wisconsin, Madison",1
"Boston Univ.","Wisconsin, Madison",1
"Stanford","UPenn",4
"UC Berkeley","UPenn",3
"MIT","UPenn",3
"Harvard","UPenn",1
"Cornell","UPenn",3
"Carnegie Mellon","UPenn",2
"Princeton","UPenn",2
"Yale","UPenn",1
"Washington","UPenn",1
"Wisconsin, Madison","UPenn",3
"Rice","UPenn",1
"UCLA","UPenn",1
"Columbia","UPenn",2
"Toronto","UPenn",1
"Stanford","Rice",4
"MIT","Rice",2
"Cornell","Rice",1
"Carnegie Mellon","Rice",1
"Princeton","Rice",1
"UT, Austin","Rice",2
"Rochester","Rice",2
"Johns Hopkins","Rice",1
"Georgia Tech","Rice",1
"Stanford","UCLA",4
"UC Berkeley","UCLA",4
"MIT","UCLA",7
"Caltech","UCLA",1
"Harvard","UCLA",1
"Carnegie Mellon","UCLA",1
"Yale","UCLA",1
"Washington","UCLA",1
"Illinois, Urb. Champ.","UCLA",5
"UPenn","UCLA",1
"NYU","UCLA",1
"Columbia","UCLA",1
"Toronto","UCLA",1
"UC San Diego","UCLA",1
"Ohio State","UCLA",1
"Stanford","NYU",5
"UC Berkeley","NYU",2
"MIT","NYU",2
"Caltech","NYU",1
"Harvard","NYU",2
"Cornell","NYU",1
"Carnegie Mellon","NYU",1
"Princeton","NYU",1
"Yale","NYU",3
"Washington","NYU",2
"Wisconsin, Madison","NYU",1
"Columbia","NYU",1
"Stanford","Chicago",1
"MIT","Chicago",5
"Cornell","Chicago",5
"Carnegie Mellon","Chicago",1
"Princeton","Chicago",1
"Illinois, Urb. Champ.","Chicago",2
"Rice","Chicago",1
"Columbia","Chicago",1
"Utah","Chicago",1
"Stanford","UT, Austin",2
"UC Berkeley","UT, Austin",4
"MIT","UT, Austin",7
"Caltech","UT, Austin",1
"Harvard","UT, Austin",1
"Cornell","UT, Austin",4
"Carnegie Mellon","UT, Austin",2
"Princeton","UT, Austin",2
"Washington","UT, Austin",1
"Illinois, Urb. Champ.","UT, Austin",1
"Rice","UT, Austin",1
"UCLA","UT, Austin",2
"Chicago","UT, Austin",1
"Brown","UT, Austin",1
"Columbia","UT, Austin",1
"Toronto","UT, Austin",1
"Johns Hopkins","UT, Austin",1
"Maryland, College Park","UT, Austin",1
"Michigan","UT, Austin",1
"UC Irvine","UT, Austin",2
"Waterloo","UT, Austin",1
"Texas, Dallas","UT, Austin",1
"UC Berkeley","Brown",2
"MIT","Brown",8
"Caltech","Brown",1
"Carnegie Mellon","Brown",1
"Yale","Brown",1
"Illinois, Urb. Champ.","Brown",1
"UPenn","Brown",1
"Rice","Brown",1
"NYU","Brown",1
"Southern California","Brown",1
"UC San Diego","Brown",1
"Maryland, College Park","Brown",1
"Stanford","Columbia",5
"UC Berkeley","Columbia",3
"MIT","Columbia",4
"Harvard","Columbia",2
"Carnegie Mellon","Columbia",3
"Princeton","Columbia",2
"Washington","Columbia",1
"UPenn","Columbia",5
"UCLA","Columbia",1
"NYU","Columbia",1
"UT, Austin","Columbia",1
"Brown","Columbia",1
"UMass, Amherst","Columbia",3
"UNC","Columbia",1
"Dartmouth","Columbia",1
"Stanford","Toronto",2
"UC Berkeley","Toronto",1
"MIT","Toronto",4
"Caltech","Toronto",1
"Harvard","Toronto",2
"Cornell","Toronto",1
"Carnegie Mellon","Toronto",5
"Princeton","Toronto",1
"Illinois, Urb. Champ.","Toronto",1
"Wisconsin, Madison","Toronto",2
"Rice","Toronto",1
"NYU","Toronto",1
"Brown","Toronto",1
"Maryland, College Park","Toronto",3
"Michigan","Toronto",1
"Dartmouth","Toronto",1
"Purdue","Toronto",1
"Georgia Tech","Toronto",1
"Rutgers","Toronto",1
"Ohio State","Toronto",1
"Alberta","Toronto",1
"Stanford","Rochester",1
"UC Berkeley","Rochester",1
"MIT","Rochester",2
"Cornell","Rochester",3
"Washington","Rochester",1
"Illinois, Urb. Champ.","Rochester",1
"Wisconsin, Madison","Rochester",1
"Rice","Rochester",1
"Chicago","Rochester",2
"Brown","Rochester",1
"Toronto","Rochester",2
"UMass, Amherst","Rochester",1
"Maryland, College Park","Rochester",1
"UC Santa Barbara","Rochester",1
"Waterloo","Rochester",1
"Stanford","Southern California",1
"UC Berkeley","Southern California",2
"MIT","Southern California",3
"Caltech","Southern California",1
"Cornell","Southern California",1
"Carnegie Mellon","Southern California",6
"Princeton","Southern California",1
"Wisconsin, Madison","Southern California",2
"UPenn","Southern California",1
"UCLA","Southern California",2
"Rochester","Southern California",1
"UNC","Southern California",1
"UC Irvine","Southern California",1
"Georgia Tech","Southern California",1
"Stanford","Johns Hopkins",2
"MIT","Johns Hopkins",1
"Cornell","Johns Hopkins",1
"Princeton","Johns Hopkins",1
"UPenn","Johns Hopkins",4
"UCLA","Johns Hopkins",2
"Brown","Johns Hopkins",1
"Michigan","Johns Hopkins",1
"Northwestern","Johns Hopkins",1
"UC Santa Cruz","Johns Hopkins",1
"Stanford","UMass, Amherst",2
"UC Berkeley","UMass, Amherst",3
"MIT","UMass, Amherst",6
"Cornell","UMass, Amherst",2
"Princeton","UMass, Amherst",1
"Yale","UMass, Amherst",1
"Washington","UMass, Amherst",1
"UPenn","UMass, Amherst",1
"UCLA","UMass, Amherst",1
"UT, Austin","UMass, Amherst",6
"Columbia","UMass, Amherst",1
"Rochester","UMass, Amherst",1
"Maryland, College Park","UMass, Amherst",1
"Michigan","UMass, Amherst",3
"Virginia","UMass, Amherst",1
"Rutgers","UMass, Amherst",2
"Wash. U. St. Louis","UMass, Amherst",1
"Utah","UMass, Amherst",1
"Colorado, Boulder","UMass, Amherst",1
"UC Santa Cruz","UMass, Amherst",1
"Stanford","UC San Diego",7
"UC Berkeley","UC San Diego",9
"MIT","UC San Diego",8
"Cornell","UC San Diego",1
"Princeton","UC San Diego",2
"Washington","UC San Diego",6
"Illinois, Urb. Champ.","UC San Diego",1
"UPenn","UC San Diego",2
"UCLA","UC San Diego",1
"Rochester","UC San Diego",1
"Southern California","UC San Diego",1
"UC Irvine","UC San Diego",1
"Penn. State","UC San Diego",2
"Stanford","Maryland, College Park",3
"UC Berkeley","Maryland, College Park",2
"MIT","Maryland, College Park",3
"Harvard","Maryland, College Park",3
"Cornell","Maryland, College Park",4
"Carnegie Mellon","Maryland, College Park",1
"Princeton","Maryland, College Park",1
"Yale","Maryland, College Park",1
"Washington","Maryland, College Park",1
"Illinois, Urb. Champ.","Maryland, College Park",1
"Wisconsin, Madison","Maryland, College Park",2
"UPenn","Maryland, College Park",2
"Rice","Maryland, College Park",2
"NYU","Maryland, College Park",2
"UT, Austin","Maryland, College Park",1
"Columbia","Maryland, College Park",1
"Toronto","Maryland, College Park",1
"Rochester","Maryland, College Park",2
"Southern California","Maryland, College Park",1
"Johns Hopkins","Maryland, College Park",2
"UNC","Maryland, College Park",1
"Duke","Maryland, College Park",1
"SUNY Stony Brook","Maryland, College Park",1
"UC Irvine","Maryland, College Park",1
"Purdue","Maryland, College Park",1
"Georgia Tech","Maryland, College Park",1
"Pittsburgh","Maryland, College Park",1
"Syracuse","Maryland, College Park",1
"Stanford","Michigan",3
"UC Berkeley","Michigan",5
"MIT","Michigan",8
"Cornell","Michigan",1
"Carnegie Mellon","Michigan",5
"Princeton","Michigan",4
"Washington","Michigan",1
"Illinois, Urb. Champ.","Michigan",6
"Wisconsin, Madison","Michigan",3
"UPenn","Michigan",1
"UCLA","Michigan",1
"UT, Austin","Michigan",2
"Columbia","Michigan",1
"Southern California","Michigan",1
"UMass, Amherst","Michigan",3
"UC San Diego","Michigan",1
"Maryland, College Park","Michigan",1
"Minnesota, Minneapolis","Michigan",1
"Rutgers","Michigan",1
"Indiana","Michigan",1
"Stanford","UNC",2
"UC Berkeley","UNC",4
"Harvard","UNC",2
"Cornell","UNC",2
"Washington","UNC",1
"Illinois, Urb. Champ.","UNC",1
"Wisconsin, Madison","UNC",1
"UCLA","UNC",1
"NYU","UNC",1
"UT, Austin","UNC",3
"Columbia","UNC",1
"Duke","UNC",1
"Virginia","UNC",1
"Purdue","UNC",1
"Georgia Tech","UNC",1
"Utah","UNC",1
"Clemson","UNC",1
"Stanford","Duke",3
"UC Berkeley","Duke",2
"MIT","Duke",4
"Caltech","Duke",1
"Harvard","Duke",2
"Carnegie Mellon","Duke",2
"Washington","Duke",1
"Wisconsin, Madison","Duke",2
"Maryland, College Park","Duke",1
"Michigan","Duke",1
"Purdue","Duke",1
"Stanford","SUNY Stony Brook",2
"UC Berkeley","SUNY Stony Brook",4
"MIT","SUNY Stony Brook",1
"Harvard","SUNY Stony Brook",2
"Cornell","SUNY Stony Brook",3
"Illinois, Urb. Champ.","SUNY Stony Brook",1
"Wisconsin, Madison","SUNY Stony Brook",1
"UPenn","SUNY Stony Brook",1
"UCLA","SUNY Stony Brook",1
"NYU","SUNY Stony Brook",1
"UT, Austin","SUNY Stony Brook",2
"Brown","SUNY Stony Brook",2
"Columbia","SUNY Stony Brook",1
"Toronto","SUNY Stony Brook",1
"Michigan","SUNY Stony Brook",1
"Purdue","SUNY Stony Brook",1
"Georgia Tech","SUNY Stony Brook",1
"Penn. State","SUNY Stony Brook",1
"Ohio State","SUNY Stony Brook",2
"Stanford","UC Irvine",1
"UC Berkeley","UC Irvine",5
"MIT","UC Irvine",4
"Caltech","UC Irvine",3
"Princeton","UC Irvine",1
"Yale","UC Irvine",2
"Illinois, Urb. Champ.","UC Irvine",4
"UCLA","UC Irvine",2
"UT, Austin","UC Irvine",2
"Columbia","UC Irvine",2
"Toronto","UC Irvine",1
"Southern California","UC Irvine",1
"UC San Diego","UC Irvine",1
"Maryland, College Park","UC Irvine",1
"UNC","UC Irvine",2
"Purdue","UC Irvine",1
"Ohio State","UC Irvine",1
"UC Riverside","UC Irvine",1
"Stanford","Dartmouth",2
"MIT","Dartmouth",2
"Harvard","Dartmouth",1
"Cornell","Dartmouth",3
"Carnegie Mellon","Dartmouth",2
"Princeton","Dartmouth",1
"Yale","Dartmouth",1
"Illinois, Urb. Champ.","Dartmouth",1
"UPenn","Dartmouth",1
"Duke","Dartmouth",1
"Ohio State","Dartmouth",1
"UC Berkeley","Virginia",2
"MIT","Virginia",2
"Harvard","Virginia",1
"Carnegie Mellon","Virginia",1
"Princeton","Virginia",2
"Washington","Virginia",1
"Illinois, Urb. Champ.","Virginia",2
"UCLA","Virginia",1
"UT, Austin","Virginia",2
"Brown","Virginia",1
"UMass, Amherst","Virginia",1
"Maryland, College Park","Virginia",1
"Minnesota, Minneapolis","Virginia",1
"Arizona","Virginia",1
"Penn. State","Virginia",1
"Pittsburgh","Virginia",1
"MIT","Purdue",3
"Cornell","Purdue",2
"Carnegie Mellon","Purdue",1
"Princeton","Purdue",1
"Illinois, Urb. Champ.","Purdue",3
"Wisconsin, Madison","Purdue",1
"NYU","Purdue",2
"Chicago","Purdue",1
"UT, Austin","Purdue",1
"Johns Hopkins","Purdue",2
"UMass, Amherst","Purdue",2
"UC San Diego","Purdue",2
"Maryland, College Park","Purdue",3
"UNC","Purdue",2
"Minnesota, Minneapolis","Purdue",1
"Georgia Tech","Purdue",1
"Arizona","Purdue",1
"Penn. State","Purdue",2
"Ohio State","Purdue",2
"Boston Univ.","Purdue",1
"UC Santa Barbara","Purdue",1
"Michigan State","Purdue",1
"Alberta","Purdue",1
"Stanford","Minnesota, Minneapolis",1
"UC Berkeley","Minnesota, Minneapolis",3
"Cornell","Minnesota, Minneapolis",1
"Carnegie Mellon","Minnesota, Minneapolis",3
"Princeton","Minnesota, Minneapolis",1
"Washington","Minnesota, Minneapolis",1
"Illinois, Urb. Champ.","Minnesota, Minneapolis",1
"UPenn","Minnesota, Minneapolis",3
"UT, Austin","Minnesota, Minneapolis",3
"Brown","Minnesota, Minneapolis",1
"Columbia","Minnesota, Minneapolis",1
"Southern California","Minnesota, Minneapolis",2
"UMass, Amherst","Minnesota, Minneapolis",2
"Maryland, College Park","Minnesota, Minneapolis",1
"UNC","Minnesota, Minneapolis",1
"UC Irvine","Minnesota, Minneapolis",1
"Virginia","Minnesota, Minneapolis",2
"Purdue","Minnesota, Minneapolis",3
"Iowa","Minnesota, Minneapolis",1
"Stanford","Georgia Tech",1
"UC Berkeley","Georgia Tech",6
"MIT","Georgia Tech",10
"Caltech","Georgia Tech",1
"Harvard","Georgia Tech",1
"Cornell","Georgia Tech",3
"Carnegie Mellon","Georgia Tech",10
"Yale","Georgia Tech",3
"Washington","Georgia Tech",4
"Illinois, Urb. Champ.","Georgia Tech",3
"Wisconsin, Madison","Georgia Tech",3
"UT, Austin","Georgia Tech",1
"Brown","Georgia Tech",1
"Columbia","Georgia Tech",2
"Rochester","Georgia Tech",1
"Johns Hopkins","Georgia Tech",1
"UMass, Amherst","Georgia Tech",1
"UC San Diego","Georgia Tech",1
"Maryland, College Park","Georgia Tech",1
"Michigan","Georgia Tech",4
"UNC","Georgia Tech",1
"SUNY Stony Brook","Georgia Tech",1
"UC Irvine","Georgia Tech",1
"Minnesota, Minneapolis","Georgia Tech",1
"Penn. State","Georgia Tech",1
"Ohio State","Georgia Tech",1
"Northwestern","Georgia Tech",1
"Wash. U. St. Louis","Georgia Tech",1
"Waterloo","Georgia Tech",1
"Case Western","Georgia Tech",1
"NC State","Georgia Tech",2
"Georgia","Georgia Tech",1
"Stanford","Rutgers",2
"UC Berkeley","Rutgers",1
"Harvard","Rutgers",2
"Princeton","Rutgers",2
"Yale","Rutgers",1
"Washington","Rutgers",1
"Illinois, Urb. Champ.","Rutgers",1
"Wisconsin, Madison","Rutgers",3
"UPenn","Rutgers",2
"Rice","Rutgers",1
"UCLA","Rutgers",1
"Chicago","Rutgers",1
"Brown","Rutgers",1
"Columbia","Rutgers",1
"Toronto","Rutgers",2
"Rochester","Rutgers",1
"UMass, Amherst","Rutgers",1
"Maryland, College Park","Rutgers",2
"SUNY Stony Brook","Rutgers",1
"Minnesota, Minneapolis","Rutgers",1
"Georgia Tech","Rutgers",1
"Hawaii, Manoa","Rutgers",1
"UC Berkeley","Arizona",1
"MIT","Arizona",1
"Carnegie Mellon","Arizona",1
"UCLA","Arizona",1
"Johns Hopkins","Arizona",1
"Maryland, College Park","Arizona",1
"SUNY Stony Brook","Arizona",1
"Purdue","Arizona",1
"Simon Fraser","Arizona",1
"UC Berkeley","Penn. State",2
"MIT","Penn. State",3
"Cornell","Penn. State",2
"Carnegie Mellon","Penn. State",1
"Princeton","Penn. State",1
"Washington","Penn. State",1
"Illinois, Urb. Champ.","Penn. State",1
"UPenn","Penn. State",1
"NYU","Penn. State",1
"Columbia","Penn. State",1
"UMass, Amherst","Penn. State",3
"Michigan","Penn. State",2
"Georgia Tech","Penn. State",2
"Ohio State","Penn. State",2
"Northwestern","Penn. State",1
"Syracuse","Penn. State",1
"Iowa","Penn. State",1
"George Mason","Penn. State",1
"Louisiana, Lafayette","Penn. State",1
"South Florida","Penn. State",1
"UC Berkeley","Ohio State",1
"MIT","Ohio State",2
"Caltech","Ohio State",1
"Carnegie Mellon","Ohio State",1
"Illinois, Urb. Champ.","Ohio State",4
"Chicago","Ohio State",1
"UT, Austin","Ohio State",2
"Columbia","Ohio State",2
"Rochester","Ohio State",2
"Southern California","Ohio State",2
"Maryland, College Park","Ohio State",1
"Duke","Ohio State",1
"SUNY Stony Brook","Ohio State",1
"Purdue","Ohio State",1
"Minnesota, Minneapolis","Ohio State",1
"Rutgers","Ohio State",1
"Utah","Ohio State",1
"UC Davis","Ohio State",1
"Texas A&M","Ohio State",1
"Colorado, Boulder","Ohio State",1
"McGill","Ohio State",1
"Stanford","Northwestern",1
"UC Berkeley","Northwestern",1
"MIT","Northwestern",6
"Carnegie Mellon","Northwestern",2
"Princeton","Northwestern",1
"Yale","Northwestern",3
"Washington","Northwestern",2
"Illinois, Urb. Champ.","Northwestern",3
"Wisconsin, Madison","Northwestern",1
"Rice","Northwestern",2
"UCLA","Northwestern",2
"UT, Austin","Northwestern",1
"Michigan","Northwestern",1
"SUNY Stony Brook","Northwestern",1
"Purdue","Northwestern",2
"Georgia Tech","Northwestern",2
"Illinois, Chicago","Northwestern",1
"Tufts","Northwestern",1
"MIT","Wash. U. St. Louis",3
"Harvard","Wash. U. St. Louis",1
"Carnegie Mellon","Wash. U. St. Louis",2
"Washington","Wash. U. St. Louis",2
"Illinois, Urb. Champ.","Wash. U. St. Louis",2
"UPenn","Wash. U. St. Louis",1
"Rice","Wash. U. St. Louis",1
"UCLA","Wash. U. St. Louis",1
"Brown","Wash. U. St. Louis",2
"Johns Hopkins","Wash. U. St. Louis",1
"Maryland, College Park","Wash. U. St. Louis",1
"Virginia","Wash. U. St. Louis",1
"Northwestern","Wash. U. St. Louis",1
"Missouri Sci. & Tech.","Wash. U. St. Louis",1
"UC Berkeley","Pittsburgh",2
"MIT","Pittsburgh",1
"Harvard","Pittsburgh",1
"Carnegie Mellon","Pittsburgh",1
"Illinois, Urb. Champ.","Pittsburgh",1
"Wisconsin, Madison","Pittsburgh",1
"Brown","Pittsburgh",1
"Rochester","Pittsburgh",1
"UMass, Amherst","Pittsburgh",1
"Maryland, College Park","Pittsburgh",2
"Virginia","Pittsburgh",1
"Minnesota, Minneapolis","Pittsburgh",1
"Arizona","Pittsburgh",1
"Northwestern","Pittsburgh",1
"Michigan State","Pittsburgh",1
"SUNY Buffalo","Pittsburgh",1
"Louisiana State","Pittsburgh",1
"UC Berkeley","Boston Univ.",1
"MIT","Boston Univ.",6
"Harvard","Boston Univ.",1
"Carnegie Mellon","Boston Univ.",1
"Princeton","Boston Univ.",1
"UPenn","Boston Univ.",1
"Toronto","Boston Univ.",1
"Rochester","Boston Univ.",1
"Maryland, College Park","Boston Univ.",1
"Georgia Tech","Boston Univ.",1
"Poly. Inst. of NYU","Boston Univ.",1
"Stanford","British Columbia",8
"UC Berkeley","British Columbia",4
"MIT","British Columbia",3
"Cornell","British Columbia",1
"Princeton","British Columbia",1
"Washington","British Columbia",5
"Toronto","British Columbia",5
"Maryland, College Park","British Columbia",1
"Minnesota, Minneapolis","British Columbia",1
"Pittsburgh","British Columbia",2
"UC Davis","British Columbia",1
"Waterloo","British Columbia",1
"Indiana","British Columbia",1
"MIT","Oregon",1
"Harvard","Oregon",1
"Carnegie Mellon","Oregon",1
"Yale","Oregon",1
"Washington","Oregon",1
"Illinois, Urb. Champ.","Oregon",1
"UCLA","Oregon",1
"Toronto","Oregon",1
"Southern California","Oregon",1
"Michigan","Oregon",1
"UC Irvine","Oregon",3
"Penn. State","Oregon",1
"Carnegie Mellon","Syracuse",1
"Wisconsin, Madison","Syracuse",2
"Rice","Syracuse",1
"Maryland, College Park","Syracuse",1
"Purdue","Syracuse",2
"William and Mary","Syracuse",1
"SUNY Buffalo","Syracuse",1
"Arizona State","Syracuse",1
"Stanford","UC Santa Barbara",1
"UC Berkeley","UC Santa Barbara",2
"MIT","UC Santa Barbara",2
"Cornell","UC Santa Barbara",1
"Princeton","UC Santa Barbara",1
"Illinois, Urb. Champ.","UC Santa Barbara",2
"UCLA","UC Santa Barbara",2
"UT, Austin","UC Santa Barbara",3
"Columbia","UC Santa Barbara",1
"Southern California","UC Santa Barbara",1
"Johns Hopkins","UC Santa Barbara",1
"UC San Diego","UC Santa Barbara",3
"Maryland, College Park","UC Santa Barbara",2
"SUNY Stony Brook","UC Santa Barbara",1
"Minnesota, Minneapolis","UC Santa Barbara",1
"Georgia Tech","UC Santa Barbara",1
"Rutgers","UC Santa Barbara",1
"UC Davis","UC Santa Barbara",1
"Stanford","Utah",1
"UC Berkeley","Utah",1
"MIT","Utah",1
"Carnegie Mellon","Utah",1
"Illinois, Urb. Champ.","Utah",1
"Rice","Utah",2
"UT, Austin","Utah",1
"Brown","Utah",1
"Rochester","Utah",1
"Southern California","Utah",1
"UMass, Amherst","Utah",2
"UNC","Utah",2
"Duke","Utah",1
"SUNY Stony Brook","Utah",1
"Virginia","Utah",1
"Purdue","Utah",1
"Georgia Tech","Utah",1
"Boston Univ.","Utah",1
"British Columbia","Utah",1
"Syracuse","Utah",2
"Texas, El Paso","Utah",1
"UC Berkeley","UC Davis",5
"MIT","UC Davis",2
"Harvard","UC Davis",1
"Princeton","UC Davis",1
"Washington","UC Davis",1
"Wisconsin, Madison","UC Davis",1
"UPenn","UC Davis",1
"UCLA","UC Davis",1
"NYU","UC Davis",1
"UT, Austin","UC Davis",1
"Columbia","UC Davis",2
"Toronto","UC Davis",1
"SUNY Stony Brook","UC Davis",1
"Purdue","UC Davis",2
"Rutgers","UC Davis",1
"Arizona","UC Davis",1
"Penn. State","UC Davis",1
"Utah","UC Davis",1
"Colorado, Boulder","UC Davis",1
"Louisiana, Lafayette","UC Davis",1
"Arizona State","UC Davis",1
"UC Berkeley","Texas A&M",2
"MIT","Texas A&M",3
"Caltech","Texas A&M",1
"Carnegie Mellon","Texas A&M",2
"Washington","Texas A&M",1
"Illinois, Urb. Champ.","Texas A&M",5
"Rice","Texas A&M",1
"NYU","Texas A&M",1
"UT, Austin","Texas A&M",1
"Columbia","Texas A&M",1
"Southern California","Texas A&M",2
"Michigan","Texas A&M",1
"UNC","Texas A&M",1
"Virginia","Texas A&M",1
"Georgia Tech","Texas A&M",3
"Penn. State","Texas A&M",1
"Colorado, Boulder","Texas A&M",1
"CUNY Graduate Center","Texas A&M",1
"Central Florida","Texas A&M",1
"NC State","Texas A&M",1
"UC Berkeley","Houston",2
"Illinois, Urb. Champ.","Houston",2
"UPenn","Houston",1
"Rice","Houston",1
"UT, Austin","Houston",3
"Southern California","Houston",2
"SUNY Stony Brook","Houston",1
"Minnesota, Minneapolis","Houston",3
"Georgia Tech","Houston",2
"Stanford","Michigan State",1
"Caltech","Michigan State",2
"Carnegie Mellon","Michigan State",1
"Yale","Michigan State",1
"Illinois, Urb. Champ.","Michigan State",3
"Wisconsin, Madison","Michigan State",1
"UPenn","Michigan State",2
"UT, Austin","Michigan State",1
"Southern California","Michigan State",2
"UMass, Amherst","Michigan State",1
"Michigan","Michigan State",1
"Duke","Michigan State",1
"Dartmouth","Michigan State",1
"Purdue","Michigan State",1
"Minnesota, Minneapolis","Michigan State",2
"Ohio State","Michigan State",4
"Northwestern","Michigan State",1
"Wash. U. St. Louis","Michigan State",2
"Pittsburgh","Michigan State",1
"Houston","Michigan State",1
"William and Mary","Michigan State",1
"UC Berkeley","Waterloo",5
"MIT","Waterloo",1
"Cornell","Waterloo",4
"Carnegie Mellon","Waterloo",2
"Princeton","Waterloo",1
"Washington","Waterloo",2
"Wisconsin, Madison","Waterloo",2
"UCLA","Waterloo",2
"UT, Austin","Waterloo",1
"Brown","Waterloo",1
"Toronto","Waterloo",14
"Maryland, College Park","Waterloo",1
"Purdue","Waterloo",1
"Georgia Tech","Waterloo",1
"Rutgers","Waterloo",1
"Ohio State","Waterloo",1
"British Columbia","Waterloo",3
"McGill","Waterloo",2
"Simon Fraser","Waterloo",1
"Alberta","Waterloo",2
"Calgary","Waterloo",2
"Western Ontario","Waterloo",1
"Queens","Waterloo",1
"Kansas State","Waterloo",1
"Manitoba","Waterloo",2
"Stanford","Colorado, Boulder",1
"UC Berkeley","Colorado, Boulder",3
"MIT","Colorado, Boulder",2
"Cornell","Colorado, Boulder",1
"Princeton","Colorado, Boulder",1
"Yale","Colorado, Boulder",1
"Washington","Colorado, Boulder",1
"Illinois, Urb. Champ.","Colorado, Boulder",1
"Rice","Colorado, Boulder",1
"NYU","Colorado, Boulder",1
"Brown","Colorado, Boulder",1
"Southern California","Colorado, Boulder",1
"UMass, Amherst","Colorado, Boulder",1
"UC San Diego","Colorado, Boulder",1
"Michigan","Colorado, Boulder",1
"UC Irvine","Colorado, Boulder",2
"Arizona","Colorado, Boulder",1
"Pittsburgh","Colorado, Boulder",1
"UC Davis","Colorado, Boulder",1
"New Mexico","Colorado, Boulder",1
"Washington State, Pullman","Colorado, Boulder",1
"Indiana","Colorado, Boulder",1
"Stanford","McGill",1
"MIT","McGill",2
"Cornell","McGill",1
"Carnegie Mellon","McGill",4
"Yale","McGill",1
"Washington","McGill",1
"Illinois, Urb. Champ.","McGill",2
"Rice","McGill",1
"UT, Austin","McGill",1
"Brown","McGill",1
"Toronto","McGill",3
"UMass, Amherst","McGill",1
"Purdue","McGill",1
"Rutgers","McGill",1
"British Columbia","McGill",2
"Oregon","McGill",1
"Waterloo","McGill",2
"Kansas","McGill",1
"Poly. Inst. of NYU","McGill",1
"Wisconsin, Milwaukee","McGill",1
"Victoria","McGill",1
"Southern Ill., Carbondale","McGill",1
"NYU","CUNY Graduate Center",1
"Kansas","CUNY Graduate Center",1
"MIT","Case Western",1
"Caltech","Case Western",1
"Washington","Case Western",1
"Wisconsin, Madison","Case Western",1
"Toronto","Case Western",1
"UMass, Amherst","Case Western",1
"UNC","Case Western",1
"Purdue","Case Western",1
"Rutgers","Case Western",1
"UC Riverside","Case Western",1
"Alberta","Case Western",2
"Stanford","UC Riverside",1
"MIT","UC Riverside",1
"Princeton","UC Riverside",1
"Washington","UC Riverside",1
"Wisconsin, Madison","UC Riverside",1
"UCLA","UC Riverside",2
"Columbia","UC Riverside",1
"Toronto","UC Riverside",1
"Southern California","UC Riverside",1
"UC San Diego","UC Riverside",2
"Maryland, College Park","UC Riverside",1
"Duke","UC Riverside",1
"UC Irvine","UC Riverside",2
"Purdue","UC Riverside",1
"Minnesota, Minneapolis","UC Riverside",1
"Georgia Tech","UC Riverside",1
"Pittsburgh","UC Riverside",1
"Wayne State","UC Riverside",1
"Stanford","Kansas",1
"Carnegie Mellon","Kansas",2
"Princeton","Kansas",1
"Southern California","Kansas",1
"UMass, Amherst","Kansas",1
"UNC","Kansas",1
"Purdue","Kansas",1
"Penn. State","Kansas",2
"Wash. U. St. Louis","Kansas",1
"Florida State","Kansas",1
"Washington State, Pullman","Kansas",1
"Kansas State","Kansas",1
"Nebraska, Lincoln","Kansas",1
"Cornell","Florida State",1
"UCLA","Florida State",1
"NYU","Florida State",1
"Michigan","Florida State",1
"SUNY Stony Brook","Florida State",2
"Virginia","Florida State",1
"Minnesota, Minneapolis","Florida State",1
"Ohio State","Florida State",1
"Pittsburgh","Florida State",1
"UC Santa Barbara","Florida State",1
"UC Davis","Florida State",1
"Portland State","Florida State",1
"Stanford","William and Mary",2
"Princeton","William and Mary",1
"Rice","William and Mary",1
"Rochester","William and Mary",1
"Michigan","William and Mary",1
"Dartmouth","William and Mary",1
"Virginia","William and Mary",2
"Purdue","William and Mary",1
"Vanderbilt","William and Mary",2
"Wayne State","William and Mary",1
"Princeton","Lehigh",4
"UPenn","Lehigh",1
"Rice","Lehigh",1
"Rochester","Lehigh",1
"UC San Diego","Lehigh",1
"Maryland, College Park","Lehigh",2
"Rutgers","Lehigh",3
"Stanford","Montreal",1
"Cornell","Montreal",1
"Yale","Montreal",2
"Toronto","Montreal",3
"Rutgers","Montreal",1
"British Columbia","Montreal",1
"McGill","Montreal",1
"McMaster","Montreal",1
"Brandeis","Montreal",1
"Stanford","Simon Fraser",1
"UC Berkeley","Simon Fraser",1
"Harvard","Simon Fraser",1
"Cornell","Simon Fraser",1
"Carnegie Mellon","Simon Fraser",2
"Illinois, Urb. Champ.","Simon Fraser",1
"Wisconsin, Madison","Simon Fraser",1
"UPenn","Simon Fraser",2
"Toronto","Simon Fraser",6
"Rochester","Simon Fraser",1
"Maryland, College Park","Simon Fraser",1
"Purdue","Simon Fraser",1
"Georgia Tech","Simon Fraser",1
"Ohio State","Simon Fraser",1
"British Columbia","Simon Fraser",4
"Oregon","Simon Fraser",1
"McGill","Simon Fraser",2
"Montreal","Simon Fraser",1
"Alberta","Simon Fraser",1
"Regina","Simon Fraser",1
"Stanford","Illinois, Chicago",1
"UC Berkeley","Illinois, Chicago",1
"MIT","Illinois, Chicago",1
"Harvard","Illinois, Chicago",1
"Cornell","Illinois, Chicago",1
"Illinois, Urb. Champ.","Illinois, Chicago",1
"UPenn","Illinois, Chicago",1
"NYU","Illinois, Chicago",2
"Toronto","Illinois, Chicago",1
"UMass, Amherst","Illinois, Chicago",1
"UC San Diego","Illinois, Chicago",1
"Michigan","Illinois, Chicago",2
"SUNY Stony Brook","Illinois, Chicago",1
"Minnesota, Minneapolis","Illinois, Chicago",2
"Ohio State","Illinois, Chicago",1
"Northwestern","Illinois, Chicago",2
"UC Riverside","Illinois, Chicago",1
"Wayne State","Illinois, Chicago",1
"Wisconsin, Madison","Cincinnati",1
"UMass, Amherst","Cincinnati",1
"Waterloo","Cincinnati",1
"Indiana","Cincinnati",1
"Stanford","UC Santa Cruz",6
"UC Berkeley","UC Santa Cruz",1
"Carnegie Mellon","UC Santa Cruz",1
"Wisconsin, Madison","UC Santa Cruz",1
"UPenn","UC Santa Cruz",2
"Rice","UC Santa Cruz",2
"UCLA","UC Santa Cruz",2
"UT, Austin","UC Santa Cruz",1
"Brown","UC Santa Cruz",1
"Toronto","UC Santa Cruz",1
"UC San Diego","UC Santa Cruz",2
"UC Irvine","UC Santa Cruz",1
"Colorado, Boulder","UC Santa Cruz",2
"NC State","UC Santa Cruz",1
"UC Berkeley","Rensselaer Polytech.",1
"MIT","Rensselaer Polytech.",2
"Caltech","Rensselaer Polytech.",1
"Harvard","Rensselaer Polytech.",1
"Cornell","Rensselaer Polytech.",2
"Yale","Rensselaer Polytech.",1
"Washington","Rensselaer Polytech.",1
"Illinois, Urb. Champ.","Rensselaer Polytech.",1
"Wisconsin, Madison","Rensselaer Polytech.",2
"UPenn","Rensselaer Polytech.",1
"NYU","Rensselaer Polytech.",1
"Brown","Rensselaer Polytech.",2
"Columbia","Rensselaer Polytech.",1
"Rochester","Rensselaer Polytech.",1
"UC San Diego","Rensselaer Polytech.",1
"Maryland, College Park","Rensselaer Polytech.",2
"Georgia Tech","Rensselaer Polytech.",1
"Rutgers","Rensselaer Polytech.",2
"Arizona","Rensselaer Polytech.",1
"Penn. State","Rensselaer Polytech.",1
"UC Santa Cruz","Rensselaer Polytech.",1
"SUNY Buffalo","Rensselaer Polytech.",1
"Stanford","Southern Methodist",1
"UC Berkeley","Southern Methodist",1
"Illinois, Urb. Champ.","Southern Methodist",1
"Rice","Southern Methodist",1
"Southern California","Southern Methodist",1
"Maryland, College Park","Southern Methodist",1
"Northwestern","Southern Methodist",1
"Texas A&M","Southern Methodist",1
"New Mexico","Southern Methodist",1
"Delaware","Southern Methodist",1
"Stanford","Central Florida",1
"MIT","Central Florida",2
"Carnegie Mellon","Central Florida",1
"Illinois, Urb. Champ.","Central Florida",1
"UT, Austin","Central Florida",2
"Brown","Central Florida",1
"Toronto","Central Florida",1
"Southern California","Central Florida",1
"UMass, Amherst","Central Florida",1
"UC San Diego","Central Florida",1
"Michigan","Central Florida",1
"Purdue","Central Florida",1
"Penn. State","Central Florida",3
"Ohio State","Central Florida",2
"Northwestern","Central Florida",1
"Pittsburgh","Central Florida",1
"Texas A&M","Central Florida",1
"Wayne State","Central Florida",1
"Texas, Arlington","Central Florida",2
"MIT","New Mexico",1
"Cornell","New Mexico",1
"Carnegie Mellon","New Mexico",1
"Washington","New Mexico",1
"Wisconsin, Madison","New Mexico",1
"UPenn","New Mexico",1
"Chicago","New Mexico",1
"UMass, Amherst","New Mexico",2
"Michigan","New Mexico",1
"Purdue","New Mexico",1
"Arizona","New Mexico",1
"Utah","New Mexico",1
"UC Davis","New Mexico",1
"Texas A&M","New Mexico",1
"Notre Dame","New Mexico",1
"Stanford","NC State",1
"MIT","NC State",1
"Washington","NC State",1
"Illinois, Urb. Champ.","NC State",4
"UCLA","NC State",1
"UT, Austin","NC State",2
"UMass, Amherst","NC State",1
"UNC","NC State",2
"Virginia","NC State",1
"Purdue","NC State",2
"Minnesota, Minneapolis","NC State",1
"Georgia Tech","NC State",3
"Arizona","NC State",1
"Penn. State","NC State",3
"Pittsburgh","NC State",1
"British Columbia","NC State",1
"Utah","NC State",1
"Colorado, Boulder","NC State",1
"Kansas","NC State",1
"Florida State","NC State",1
"George Mason","NC State",1
"Portland State","NC State",1
"Georgia","NC State",1
"Harvard","SUNY Buffalo",1
"Yale","SUNY Buffalo",1
"Washington","SUNY Buffalo",1
"Illinois, Urb. Champ.","SUNY Buffalo",3
"Wisconsin, Madison","SUNY Buffalo",2
"UT, Austin","SUNY Buffalo",1
"Toronto","SUNY Buffalo",1
"Johns Hopkins","SUNY Buffalo",1
"Purdue","SUNY Buffalo",2
"Minnesota, Minneapolis","SUNY Buffalo",1
"Rutgers","SUNY Buffalo",1
"Penn. State","SUNY Buffalo",1
"Ohio State","SUNY Buffalo",3
"Pittsburgh","SUNY Buffalo",1
"Utah","SUNY Buffalo",1
"Washington State, Pullman","SUNY Buffalo",1
"Notre Dame","SUNY Buffalo",1
"Indiana","SUNY Buffalo",1
"SUNY Binghamton","SUNY Buffalo",1
"Carnegie Mellon","Stevens Inst. Tech.",1
"UPenn","Stevens Inst. Tech.",2
"NYU","Stevens Inst. Tech.",1
"UT, Austin","Stevens Inst. Tech.",1
"Southern California","Stevens Inst. Tech.",1
"Maryland, College Park","Stevens Inst. Tech.",1
"Rutgers","Stevens Inst. Tech.",1
"Northwestern","Stevens Inst. Tech.",1
"British Columbia","Stevens Inst. Tech.",1
"Cornell","Washington State, Pullman",1
"Washington","Washington State, Pullman",1
"Illinois, Urb. Champ.","Washington State, Pullman",2
"UT, Austin","Washington State, Pullman",1
"Toronto","Washington State, Pullman",1
"SUNY Stony Brook","Washington State, Pullman",1
"Virginia","Washington State, Pullman",1
"Arizona","Washington State, Pullman",1
"Northwestern","Washington State, Pullman",1
"British Columbia","Washington State, Pullman",2
"Oregon","Washington State, Pullman",1
"UC Santa Barbara","Washington State, Pullman",1
"Texas A&M","Washington State, Pullman",1
"Iowa State","Washington State, Pullman",1
"Oklahoma","Washington State, Pullman",1
"Stanford","McMaster",1
"Cornell","McMaster",1
"Princeton","McMaster",1
"Illinois, Urb. Champ.","McMaster",1
"Wisconsin, Madison","McMaster",1
"Toronto","McMaster",5
"McGill","McMaster",1
"Stanford","Brandeis",1
"Princeton","Brandeis",1
"Illinois, Urb. Champ.","Brandeis",2
"UPenn","Brandeis",1
"Chicago","Brandeis",1
"UT, Austin","Brandeis",1
"Brown","Brandeis",2
"UMass, Amherst","Brandeis",1
"Delaware","Brandeis",1
"Stanford","Alberta",1
"Carnegie Mellon","Alberta",2
"Yale","Alberta",1
"Illinois, Urb. Champ.","Alberta",1
"UT, Austin","Alberta",1
"Toronto","Alberta",8
"Rochester","Alberta",1
"UMass, Amherst","Alberta",1
"Maryland, College Park","Alberta",1
"Virginia","Alberta",1
"Purdue","Alberta",1
"Georgia Tech","Alberta",2
"Pittsburgh","Alberta",1
"British Columbia","Alberta",1
"Utah","Alberta",1
"Waterloo","Alberta",6
"McGill","Alberta",1
"Case Western","Alberta",1
"Montreal","Alberta",1
"Simon Fraser","Alberta",1
"Southern Methodist","Alberta",1
"Notre Dame","Alberta",1
"Victoria","Alberta",1
"UC Berkeley","George Washington",1
"MIT","George Washington",1
"Cornell","George Washington",1
"Princeton","George Washington",1
"UPenn","George Washington",1
"Southern California","George Washington",2
"UMass, Amherst","George Washington",2
"UC San Diego","George Washington",1
"Maryland, College Park","George Washington",1
"Minnesota, Minneapolis","George Washington",1
"Ohio State","George Washington",1
"Northwestern","George Washington",1
"Boston Univ.","George Washington",1
"Texas A&M","George Washington",1
"NC State","George Washington",1
"Stanford","Poly. Inst. of NYU",1
"UC Berkeley","Poly. Inst. of NYU",1
"MIT","Poly. Inst. of NYU",1
"Wisconsin, Madison","Poly. Inst. of NYU",1
"NYU","Poly. Inst. of NYU",1
"UT, Austin","Poly. Inst. of NYU",1
"Brown","Poly. Inst. of NYU",1
"Michigan","Poly. Inst. of NYU",1
"SUNY Stony Brook","Poly. Inst. of NYU",1
"Purdue","Poly. Inst. of NYU",1
"Rutgers","Poly. Inst. of NYU",1
"Arizona","Poly. Inst. of NYU",1
"Penn. State","Poly. Inst. of NYU",1
"Nebraska, Lincoln","Poly. Inst. of NYU",1
"Stanford","Iowa",1
"Cornell","Iowa",1
"Illinois, Urb. Champ.","Iowa",3
"UT, Austin","Iowa",1
"Maryland, College Park","Iowa",1
"Duke","Iowa",1
"Minnesota, Minneapolis","Iowa",1
"Wash. U. St. Louis","Iowa",1
"Syracuse","Iowa",1
"Utah","Iowa",1
"Rensselaer Polytech.","Iowa",1
"Virginia Tech","Iowa",1
"Colorado, Denver","Iowa",1
"UC Berkeley","Delaware",1
"MIT","Delaware",2
"Yale","Delaware",1
"Illinois, Urb. Champ.","Delaware",1
"Wisconsin, Madison","Delaware",1
"UPenn","Delaware",2
"UCLA","Delaware",1
"Chicago","Delaware",1
"Brown","Delaware",1
"UMass, Amherst","Delaware",3
"Purdue","Delaware",1
"Ohio State","Delaware",1
"Pittsburgh","Delaware",1
"South Florida","Delaware",1
"Stanford","Iowa State",1
"Caltech","Iowa State",1
"Carnegie Mellon","Iowa State",1
"Washington","Iowa State",1
"Illinois, Urb. Champ.","Iowa State",1
"Wisconsin, Madison","Iowa State",1
"UCLA","Iowa State",1
"Maryland, College Park","Iowa State",1
"SUNY Stony Brook","Iowa State",1
"Virginia","Iowa State",1
"Minnesota, Minneapolis","Iowa State",1
"Penn. State","Iowa State",2
"Northwestern","Iowa State",1
"UC Davis","Iowa State",1
"Texas A&M","Iowa State",1
"Kansas","Iowa State",1
"William and Mary","Iowa State",1
"Southern Methodist","Iowa State",1
"Central Florida","Iowa State",2
"SUNY Buffalo","Iowa State",1
"Washington State, Pullman","Iowa State",1
"Caltech","Vanderbilt",1
"Carnegie Mellon","Vanderbilt",1
"Princeton","Vanderbilt",1
"Illinois, Urb. Champ.","Vanderbilt",2
"UPenn","Vanderbilt",1
"Rice","Vanderbilt",1
"Duke","Vanderbilt",1
"UC Irvine","Vanderbilt",2
"Wash. U. St. Louis","Vanderbilt",1
"Michigan State","Vanderbilt",1
"Florida State","Vanderbilt",1
"Notre Dame","Vanderbilt",1
"Clemson","Vanderbilt",1
"UC Berkeley","Florida",2
"Harvard","Florida",1
"Cornell","Florida",2
"Illinois, Urb. Champ.","Florida",6
"Wisconsin, Madison","Florida",2
"UPenn","Florida",1
"UT, Austin","Florida",1
"Rochester","Florida",1
"Southern California","Florida",3
"UMass, Amherst","Florida",1
"UNC","Florida",1
"UC Irvine","Florida",1
"Virginia","Florida",1
"Purdue","Florida",2
"Minnesota, Minneapolis","Florida",3
"Rutgers","Florida",1
"UC Santa Barbara","Florida",1
"Simon Fraser","Florida",1
"UC Santa Cruz","Florida",1
"UC Berkeley","George Mason",1
"Carnegie Mellon","George Mason",2
"Princeton","George Mason",1
"Illinois, Urb. Champ.","George Mason",1
"UPenn","George Mason",3
"Rice","George Mason",1
"UCLA","George Mason",1
"Columbia","George Mason",2
"Southern California","George Mason",1
"Maryland, College Park","George Mason",4
"Michigan","George Mason",1
"UC Irvine","George Mason",1
"Virginia","George Mason",2
"Minnesota, Minneapolis","George Mason",2
"Georgia Tech","George Mason",1
"Pittsburgh","George Mason",2
"Texas A&M","George Mason",1
"Case Western","George Mason",1
"UC Riverside","George Mason",2
"Kansas","George Mason",1
"William and Mary","George Mason",2
"Central Florida","George Mason",1
"NC State","George Mason",2
"George Washington","George Mason",1
"Wisconsin, Milwaukee","George Mason",1
"Stanford","Notre Dame",1
"Carnegie Mellon","Notre Dame",1
"Illinois, Urb. Champ.","Notre Dame",1
"Wisconsin, Madison","Notre Dame",1
"Brown","Notre Dame",1
"UC Irvine","Notre Dame",1
"Purdue","Notre Dame",3
"Georgia Tech","Notre Dame",2
"Michigan State","Notre Dame",1
"Iowa State","Notre Dame",2
"George Mason","Notre Dame",1
"South Florida","Notre Dame",1
"Memphis","Notre Dame",1
"Caltech","Wayne State",1
"Cornell","Wayne State",1
"Carnegie Mellon","Wayne State",1
"Illinois, Urb. Champ.","Wayne State",1
"Michigan","Wayne State",3
"UNC","Wayne State",1
"SUNY Stony Brook","Wayne State",2
"Ohio State","Wayne State",2
"Michigan State","Wayne State",1
"Case Western","Wayne State",1
"Cincinnati","Wayne State",1
"Virginia Tech","Wayne State",1
"Texas, San Antonio","Wayne State",1
"Concordia, Montreal","Wayne State",1
"Kent State","Wayne State",1
"Stanford","Calgary",1
"Columbia","Calgary",1
"Toronto","Calgary",3
"British Columbia","Calgary",5
"UC Davis","Calgary",1
"Waterloo","Calgary",2
"Simon Fraser","Calgary",2
"Alberta","Calgary",3
"Manitoba","Calgary",1
"Victoria","Calgary",1
"Illinois, Urb. Champ.","Louisiana, Lafayette",1
"SUNY Stony Brook","Louisiana, Lafayette",1
"Purdue","Louisiana, Lafayette",1
"Texas A&M","Louisiana, Lafayette",1
"Michigan State","Louisiana, Lafayette",1
"Case Western","Louisiana, Lafayette",1
"Lehigh","Louisiana, Lafayette",1
"SUNY Buffalo","Louisiana, Lafayette",3
"Alberta","Louisiana, Lafayette",1
"Colorado State","Louisiana, Lafayette",1
"Cornell","Western Ontario",2
"UPenn","Western Ontario",1
"NYU","Western Ontario",1
"Toronto","Western Ontario",2
"Maryland, College Park","Western Ontario",1
"Purdue","Western Ontario",1
"British Columbia","Western Ontario",2
"Waterloo","Western Ontario",4
"Missouri Sci. & Tech.","Western Ontario",1
"Cornell","Carleton",1
"Toronto","Carleton",3
"Purdue","Carleton",1
"Minnesota, Minneapolis","Carleton",2
"Waterloo","Carleton",3
"McGill","Carleton",2
"Montreal","Carleton",1
"New Mexico","Carleton",1
"Calgary","Carleton",1
"Cornell","Queens",2
"Carnegie Mellon","Queens",2
"Illinois, Urb. Champ.","Queens",1
"Toronto","Queens",6
"UMass, Amherst","Queens",1
"British Columbia","Queens",2
"Waterloo","Queens",4
"McGill","Queens",3
"Alberta","Queens",1
"Carleton","Queens",1
"Manitoba","Queens",1
"UC Berkeley","Wisconsin, Milwaukee",2
"Wisconsin, Madison","Wisconsin, Milwaukee",1
"UT, Austin","Wisconsin, Milwaukee",2
"Columbia","Wisconsin, Milwaukee",1
"Toronto","Wisconsin, Milwaukee",1
"Johns Hopkins","Wisconsin, Milwaukee",1
"Purdue","Wisconsin, Milwaukee",1
"Rutgers","Wisconsin, Milwaukee",1
"Ohio State","Wisconsin, Milwaukee",1
"SUNY Buffalo","Wisconsin, Milwaukee",1
"Iowa","Wisconsin, Milwaukee",1
"Arizona State","Wisconsin, Milwaukee",1
"UC Berkeley","Louisiana State",1
"MIT","Louisiana State",1
"Harvard","Louisiana State",1
"Yale","Louisiana State",1
"Brown","Louisiana State",1
"Purdue","Louisiana State",1
"Georgia Tech","Louisiana State",1
"Rutgers","Louisiana State",1
"Penn. State","Louisiana State",1
"Texas A&M","Louisiana State",1
"Illinois, Chicago","Louisiana State",1
"Denver","Louisiana State",1
"Mississippi State","Louisiana State",1
"Stanford","Texas, Arlington",1
"Illinois, Urb. Champ.","Texas, Arlington",1
"Wisconsin, Madison","Texas, Arlington",1
"Rice","Texas, Arlington",1
"UT, Austin","Texas, Arlington",3
"Columbia","Texas, Arlington",1
"UMass, Amherst","Texas, Arlington",3
"Maryland, College Park","Texas, Arlington",2
"Dartmouth","Texas, Arlington",1
"Purdue","Texas, Arlington",1
"Georgia Tech","Texas, Arlington",1
"Rutgers","Texas, Arlington",1
"Northwestern","Texas, Arlington",2
"Boston Univ.","Texas, Arlington",1
"Syracuse","Texas, Arlington",1
"Central Florida","Texas, Arlington",1
"NC State","Texas, Arlington",2
"Texas, Dallas","Texas, Arlington",1
"UPenn","Ottawa",1
"Toronto","Ottawa",5
"Rutgers","Ottawa",1
"British Columbia","Ottawa",1
"Waterloo","Ottawa",2
"McGill","Ottawa",2
"Montreal","Ottawa",2
"Calgary","Ottawa",1
"Carleton","Ottawa",1
"Queens","Ottawa",1
"MIT","UConn",1
"Harvard","UConn",1
"Princeton","UConn",1
"Illinois, Urb. Champ.","UConn",1
"UCLA","UConn",1
"Brown","UConn",3
"UMass, Amherst","UConn",1
"Michigan","UConn",1
"Duke","UConn",1
"Georgia Tech","UConn",1
"Penn. State","UConn",1
"Ohio State","UConn",1
"Northwestern","UConn",1
"UC Davis","UConn",1
"CUNY Graduate Center","UConn",1
"Rensselaer Polytech.","UConn",1
"SUNY Buffalo","UConn",1
"Stanford","Oregon Hlth & Sci",1
"MIT","Oregon Hlth & Sci",1
"Caltech","Oregon Hlth & Sci",1
"Washington","Oregon Hlth & Sci",1
"NYU","Oregon Hlth & Sci",1
"Brown","Oregon Hlth & Sci",1
"Maryland, College Park","Oregon Hlth & Sci",1
"Michigan","Oregon Hlth & Sci",1
"Wisconsin, Milwaukee","Oregon Hlth & Sci",1
"UC Berkeley","Arizona State",1
"MIT","Arizona State",2
"Harvard","Arizona State",1
"Carnegie Mellon","Arizona State",2
"Washington","Arizona State",1
"Illinois, Urb. Champ.","Arizona State",1
"Wisconsin, Madison","Arizona State",1
"UPenn","Arizona State",2
"UT, Austin","Arizona State",1
"Columbia","Arizona State",1
"Toronto","Arizona State",1
"Southern California","Arizona State",2
"Maryland, College Park","Arizona State",4
"Michigan","Arizona State",1
"SUNY Stony Brook","Arizona State",2
"UC Irvine","Arizona State",1
"Purdue","Arizona State",2
"Minnesota, Minneapolis","Arizona State",2
"Georgia Tech","Arizona State",1
"Arizona","Arizona State",1
"Ohio State","Arizona State",1
"Northwestern","Arizona State",1
"Waterloo","Arizona State",1
"Cincinnati","Arizona State",1
"George Mason","Arizona State",1
"Ottawa","Arizona State",1
"South Carolina","Arizona State",1
"Missouri, Kansas City","Arizona State",1
"Princeton","Kansas State",1
"Illinois, Urb. Champ.","Kansas State",1
"Wisconsin, Madison","Kansas State",1
"UT, Austin","Kansas State",1
"SUNY Stony Brook","Kansas State",1
"Minnesota, Minneapolis","Kansas State",1
"UC Santa Barbara","Kansas State",1
"Iowa State","Kansas State",3
"Concordia, Montreal","Kansas State",1
"MIT","SUNY Albany",2
"Cornell","SUNY Albany",1
"Brown","SUNY Albany",1
"Rochester","SUNY Albany",1
"Dartmouth","SUNY Albany",1
"Purdue","SUNY Albany",1
"Pittsburgh","SUNY Albany",1
"Syracuse","SUNY Albany",2
"Simon Fraser","SUNY Albany",1
"Rensselaer Polytech.","SUNY Albany",1
"Stanford","South Florida",1
"Princeton","South Florida",1
"Yale","South Florida",1
"Illinois, Urb. Champ.","South Florida",1
"Chicago","South Florida",1
"Rochester","South Florida",1
"Purdue","South Florida",1
"Ohio State","South Florida",2
"Pittsburgh","South Florida",2
"Utah","South Florida",2
"Florida State","South Florida",1
"Cincinnati","South Florida",1
"Central Florida","South Florida",1
"NC State","South Florida",1
"Texas Tech","South Florida",1
"Stanford","Virginia Tech",1
"Caltech","Virginia Tech",1
"Cornell","Virginia Tech",1
"Illinois, Urb. Champ.","Virginia Tech",1
"UCLA","Virginia Tech",1
"Brown","Virginia Tech",3
"Maryland, College Park","Virginia Tech",2
"Michigan","Virginia Tech",2
"UNC","Virginia Tech",1
"SUNY Stony Brook","Virginia Tech",1
"UC Irvine","Virginia Tech",1
"Purdue","Virginia Tech",4
"Minnesota, Minneapolis","Virginia Tech",1
"Georgia Tech","Virginia Tech",3
"Rutgers","Virginia Tech",1
"Ohio State","Virginia Tech",1
"Syracuse","Virginia Tech",2
"UC Santa Barbara","Virginia Tech",1
"Utah","Virginia Tech",1
"Houston","Virginia Tech",1
"Case Western","Virginia Tech",1
"George Washington","Virginia Tech",1
"Iowa","Virginia Tech",1
"Florida","Virginia Tech",1
"Louisiana, Lafayette","Virginia Tech",1
"Louisiana State","Virginia Tech",1
"SUNY Albany","Virginia Tech",1
"UC Berkeley","Portland State",1
"Cornell","Portland State",1
"Princeton","Portland State",2
"Yale","Portland State",1
"Wisconsin, Madison","Portland State",2
"UCLA","Portland State",1
"UT, Austin","Portland State",1
"UMass, Amherst","Portland State",3
"Maryland, College Park","Portland State",1
"Michigan","Portland State",4
"Oregon","Portland State",1
"UC Davis","Portland State",1
"Louisiana, Lafayette","Portland State",1
"Oregon State","Portland State",1
"Illinois, Urb. Champ.","South Carolina",2
"Chicago","South Carolina",1
"UT, Austin","South Carolina",1
"Southern California","South Carolina",1
"UC San Diego","South Carolina",1
"Michigan","South Carolina",1
"UNC","South Carolina",1
"Duke","South Carolina",1
"SUNY Stony Brook","South Carolina",1
"Purdue","South Carolina",1
"Minnesota, Minneapolis","South Carolina",1
"Rutgers","South Carolina",2
"Pittsburgh","South Carolina",2
"Michigan State","South Carolina",1
"Illinois, Chicago","South Carolina",1
"Rensselaer Polytech.","South Carolina",1
"New Mexico","South Carolina",1
"George Mason","South Carolina",1
"Washington","Missouri Sci. & Tech.",1
"Illinois, Urb. Champ.","Missouri Sci. & Tech.",1
"Purdue","Missouri Sci. & Tech.",2
"Minnesota, Minneapolis","Missouri Sci. & Tech.",1
"Penn. State","Missouri Sci. & Tech.",1
"Ohio State","Missouri Sci. & Tech.",2
"Texas A&M","Missouri Sci. & Tech.",1
"Michigan State","Missouri Sci. & Tech.",1
"Kansas","Missouri Sci. & Tech.",1
"Illinois, Chicago","Missouri Sci. & Tech.",1
"Central Florida","Missouri Sci. & Tech.",1
"Texas, Arlington","Missouri Sci. & Tech.",1
"Illinois, Urb. Champ.","Oklahoma",1
"Wisconsin, Madison","Oklahoma",1
"Southern California","Oklahoma",2
"UMass, Amherst","Oklahoma",1
"UC San Diego","Oklahoma",1
"Minnesota, Minneapolis","Oklahoma",1
"Northwestern","Oklahoma",1
"Texas A&M","Oklahoma",1
"Michigan State","Oklahoma",1
"Southern Methodist","Oklahoma",1
"Louisiana State","Oklahoma",1
"Stanford","Indiana",3
"MIT","Indiana",5
"Caltech","Indiana",1
"Harvard","Indiana",1
"Cornell","Indiana",2
"Carnegie Mellon","Indiana",2
"Yale","Indiana",1
"Illinois, Urb. Champ.","Indiana",4
"Rice","Indiana",2
"UCLA","Indiana",1
"UT, Austin","Indiana",2
"Brown","Indiana",1
"Toronto","Indiana",1
"UC San Diego","Indiana",1
"Michigan","Indiana",1
"UNC","Indiana",1
"Duke","Indiana",1
"Georgia Tech","Indiana",1
"Oregon","Indiana",1
"Syracuse","Indiana",1
"UC Santa Barbara","Indiana",1
"Waterloo","Indiana",1
"Case Western","Indiana",1
"Rensselaer Polytech.","Indiana",1
"Vanderbilt","Indiana",1
"Queens","Indiana",1
"Ottawa","Indiana",1
"Arizona State","Indiana",1
"SUNY Binghamton","Indiana",2
"Temple","Indiana",1
"UC Berkeley","Illinois Inst. Tech.",1
"Cornell","Illinois Inst. Tech.",1
"Yale","Illinois Inst. Tech.",1
"Illinois, Urb. Champ.","Illinois Inst. Tech.",3
"Chicago","Illinois Inst. Tech.",1
"Maryland, College Park","Illinois Inst. Tech.",1
"Minnesota, Minneapolis","Illinois Inst. Tech.",1
"Georgia Tech","Illinois Inst. Tech.",1
"Northwestern","Illinois Inst. Tech.",1
"Michigan State","Illinois Inst. Tech.",1
"Rensselaer Polytech.","Illinois Inst. Tech.",1
"Iowa","Illinois Inst. Tech.",1
"George Mason","Illinois Inst. Tech.",1
"Oakland (Michigan)","Illinois Inst. Tech.",1
"MIT","Tennessee, Knoxville",2
"Cornell","Tennessee, Knoxville",2
"Princeton","Tennessee, Knoxville",2
"Illinois, Urb. Champ.","Tennessee, Knoxville",1
"UT, Austin","Tennessee, Knoxville",1
"Duke","Tennessee, Knoxville",1
"Purdue","Tennessee, Knoxville",1
"Georgia Tech","Tennessee, Knoxville",1
"Ohio State","Tennessee, Knoxville",1
"Pittsburgh","Tennessee, Knoxville",1
"Texas A&M","Tennessee, Knoxville",1
"New Mexico","Tennessee, Knoxville",1
"NC State","Tennessee, Knoxville",1
"Carnegie Mellon","Miami",1
"Princeton","Miami",1
"Wisconsin, Madison","Miami",1
"SUNY Stony Brook","Miami",1
"UC Santa Cruz","Miami",1
"Washington State, Pullman","Miami",1
"Stanford","New Jersey Inst. Tech.",2
"Harvard","New Jersey Inst. Tech.",1
"Cornell","New Jersey Inst. Tech.",1
"Illinois, Urb. Champ.","New Jersey Inst. Tech.",1
"UPenn","New Jersey Inst. Tech.",1
"UT, Austin","New Jersey Inst. Tech.",1
"Southern California","New Jersey Inst. Tech.",1
"Johns Hopkins","New Jersey Inst. Tech.",1
"Purdue","New Jersey Inst. Tech.",2
"Minnesota, Minneapolis","New Jersey Inst. Tech.",1
"Rutgers","New Jersey Inst. Tech.",1
"Penn. State","New Jersey Inst. Tech.",2
"SUNY Buffalo","New Jersey Inst. Tech.",1
"Stevens Inst. Tech.","New Jersey Inst. Tech.",1
"George Mason","New Jersey Inst. Tech.",1
"UConn","New Jersey Inst. Tech.",1
"Stanford","Kentucky",1
"Wisconsin, Madison","Kentucky",2
"UT, Austin","Kentucky",1
"Brown","Kentucky",2
"Maryland, College Park","Kentucky",1
"UNC","Kentucky",2
"Purdue","Kentucky",1
"Georgia Tech","Kentucky",1
"Ohio State","Kentucky",2
"Wash. U. St. Louis","Kentucky",1
"George Washington","Kentucky",1
"George Mason","Kentucky",1
"UCLA","SUNY Binghamton",1
"Johns Hopkins","SUNY Binghamton",1
"UMass, Amherst","SUNY Binghamton",1
"SUNY Stony Brook","SUNY Binghamton",2
"Virginia","SUNY Binghamton",2
"Minnesota, Minneapolis","SUNY Binghamton",1
"Illinois, Chicago","SUNY Binghamton",1
"Cincinnati","SUNY Binghamton",1
"Alberta","SUNY Binghamton",1
"Iowa State","SUNY Binghamton",1
"Arizona State","SUNY Binghamton",1
"Indiana","SUNY Binghamton",2
"Princeton","Colorado State",1
"UCLA","Colorado State",1
"Brown","Colorado State",1
"UMass, Amherst","Colorado State",4
"UC San Diego","Colorado State",1
"UC Irvine","Colorado State",1
"Purdue","Colorado State",1
"Minnesota, Minneapolis","Colorado State",1
"Wash. U. St. Louis","Colorado State",1
"Syracuse","Colorado State",1
"Utah","Colorado State",1
"Michigan State","Colorado State",1
"Colorado, Boulder","Colorado State",2
"George Mason","Colorado State",2
"Louisiana, Lafayette","Colorado State",1
"Southern Ill., Carbondale","Colorado State",1
"Utah State","Colorado State",1
"Pittsburgh","Colorado, Denver",1
"British Columbia","Colorado, Denver",1
"Syracuse","Colorado, Denver",1
"Colorado, Boulder","Colorado, Denver",1
"Iowa","Colorado, Denver",1
"UC Berkeley","Texas, Dallas",2
"Cornell","Texas, Dallas",2
"Princeton","Texas, Dallas",1
"UT, Austin","Texas, Dallas",2
"Columbia","Texas, Dallas",2
"Toronto","Texas, Dallas",1
"Southern California","Texas, Dallas",2
"UNC","Texas, Dallas",1
"SUNY Stony Brook","Texas, Dallas",1
"UC Irvine","Texas, Dallas",1
"Purdue","Texas, Dallas",4
"Minnesota, Minneapolis","Texas, Dallas",1
"Penn. State","Texas, Dallas",2
"Ohio State","Texas, Dallas",1
"Northwestern","Texas, Dallas",1
"British Columbia","Texas, Dallas",1
"UC Santa Barbara","Texas, Dallas",3
"UC Davis","Texas, Dallas",2
"Houston","Texas, Dallas",1
"Notre Dame","Texas, Dallas",1
"Ottawa","Texas, Dallas",1
"Saskatchewan","Texas, Dallas",1
"Carnegie Mellon","Rhode Island",1
"UPenn","Rhode Island",1
"Brown","Rhode Island",1
"Maryland, College Park","Rhode Island",1
"UConn","Rhode Island",1
"UC Berkeley","Toyota Tech. Chicago",1
"MIT","Toyota Tech. Chicago",4
"Princeton","Toyota Tech. Chicago",1
"Waterloo","Toyota Tech. Chicago",1
"Cornell","Auburn",1
"Illinois, Urb. Champ.","Auburn",1
"Wisconsin, Madison","Auburn",1
"Southern California","Auburn",1
"Minnesota, Minneapolis","Auburn",1
"Ohio State","Auburn",2
"Syracuse","Auburn",1
"Texas A&M","Auburn",4
"Cincinnati","Auburn",1
"Virginia Tech","Auburn",2
"Nebraska, Lincoln","Auburn",1
"UC Berkeley","Drexel",1
"Harvard","Drexel",1
"Carnegie Mellon","Drexel",1
"Illinois, Urb. Champ.","Drexel",1
"UPenn","Drexel",1
"Columbia","Drexel",1
"Toronto","Drexel",1
"Maryland, College Park","Drexel",1
"Virginia","Drexel",2
"Georgia Tech","Drexel",1
"Rutgers","Drexel",1
"Ohio State","Drexel",2
"Boston Univ.","Drexel",1
"Lehigh","Drexel",1
"Rensselaer Polytech.","Drexel",1
"Stanford","Oregon State",1
"Carnegie Mellon","Oregon State",3
"Wisconsin, Madison","Oregon State",1
"Brown","Oregon State",1
"Purdue","Oregon State",3
"Georgia Tech","Oregon State",4
"Rutgers","Oregon State",1
"Penn. State","Oregon State",1
"Kansas","Oregon State",1
"Southern Methodist","Oregon State",1
"Florida","Oregon State",1
"Auburn","Oregon State",1
"British Columbia","Manitoba",3
"Waterloo","Manitoba",3
"Alberta","Manitoba",1
"Delaware","Manitoba",1
"Calgary","Manitoba",2
"Queens","Manitoba",2
"New Brunswick","Manitoba",1
"NYU","Regina",1
"Waterloo","Regina",1
"Simon Fraser","Regina",3
"Memorial Newfoundland","Regina",1
"MIT","Nebraska, Lincoln",1
"Illinois, Urb. Champ.","Nebraska, Lincoln",2
"Brown","Nebraska, Lincoln",1
"UMass, Amherst","Nebraska, Lincoln",1
"UNC","Nebraska, Lincoln",1
"UC Irvine","Nebraska, Lincoln",1
"Virginia","Nebraska, Lincoln",1
"Minnesota, Minneapolis","Nebraska, Lincoln",1
"Georgia Tech","Nebraska, Lincoln",1
"Wash. U. St. Louis","Nebraska, Lincoln",1
"Utah","Nebraska, Lincoln",1
"UC Davis","Nebraska, Lincoln",1
"Texas A&M","Nebraska, Lincoln",1
"Kansas","Nebraska, Lincoln",1
"William and Mary","Nebraska, Lincoln",1
"NC State","Nebraska, Lincoln",1
"Iowa State","Nebraska, Lincoln",1
"Western Ontario","Nebraska, Lincoln",1
"Illinois Inst. Tech.","Nebraska, Lincoln",1
"Clemson","Nebraska, Lincoln",1
"Idaho, Moscow","Nebraska, Lincoln",1
"MIT","Saskatchewan",1
"Illinois, Urb. Champ.","Saskatchewan",2
"UT, Austin","Saskatchewan",1
"Toronto","Saskatchewan",4
"British Columbia","Saskatchewan",6
"Waterloo","Saskatchewan",1
"Simon Fraser","Saskatchewan",2
"Calgary","Saskatchewan",1
"Western Ontario","Saskatchewan",2
"Queens","Saskatchewan",2
"Wisconsin, Madison","Florida Atlantic",1
"UPenn","Florida Atlantic",2
"UCLA","Florida Atlantic",1
"Columbia","Florida Atlantic",1
"Minnesota, Minneapolis","Florida Atlantic",2
"Penn. State","Florida Atlantic",1
"Case Western","Florida Atlantic",1
"UC Riverside","Florida Atlantic",1
"Stevens Inst. Tech.","Florida Atlantic",1
"Louisiana, Lafayette","Florida Atlantic",1
"Virginia Tech","Florida Atlantic",1
"MIT","Texas, San Antonio",2
"Illinois, Urb. Champ.","Texas, San Antonio",2
"Rice","Texas, San Antonio",1
"Southern California","Texas, San Antonio",1
"UC San Diego","Texas, San Antonio",1
"UC Irvine","Texas, San Antonio",1
"Rutgers","Texas, San Antonio",1
"Arizona","Texas, San Antonio",1
"Ohio State","Texas, San Antonio",2
"Wash. U. St. Louis","Texas, San Antonio",1
"Pittsburgh","Texas, San Antonio",1
"Texas A&M","Texas, San Antonio",1
"Waterloo","Texas, San Antonio",1
"Colorado, Boulder","Texas, San Antonio",1
"Florida State","Texas, San Antonio",1
"Illinois, Chicago","Texas, San Antonio",1
"Florida","Texas, San Antonio",1
"Wisconsin, Madison","Denver",1
"UCLA","Denver",1
"UT, Austin","Denver",1
"Duke","Denver",1
"Minnesota, Minneapolis","Denver",1
"Oregon","Denver",1
"Colorado, Boulder","Denver",1
"Rensselaer Polytech.","Denver",1
"Miami","Denver",1
"Colorado State","Denver",1
"UC Berkeley","Maryland, Balt. County",1
"MIT","Maryland, Balt. County",2
"Cornell","Maryland, Balt. County",1
"Princeton","Maryland, Balt. County",1
"Illinois, Urb. Champ.","Maryland, Balt. County",2
"UMass, Amherst","Maryland, Balt. County",2
"Maryland, College Park","Maryland, Balt. County",2
"UNC","Maryland, Balt. County",2
"SUNY Stony Brook","Maryland, Balt. County",1
"Purdue","Maryland, Balt. County",1
"Ohio State","Maryland, Balt. County",2
"NC State","Maryland, Balt. County",1
"New Jersey Inst. Tech.","Maryland, Balt. County",1
"Arizona","Oakland (Michigan)",2
"Texas A&M","Oakland (Michigan)",1
"Wayne State","Oakland (Michigan)",3
"Colorado State","Oakland (Michigan)",1
"Stanford","Maine",1
"Harvard","Maine",1
"Virginia","Maine",1
"Georgia Tech","Maine",1
"Stevens Inst. Tech.","Maine",1
"UC Berkeley","Clarkson",1
"Boston Univ.","Clarkson",1
"Colorado, Boulder","Clarkson",1
"McGill","Clarkson",1
"Calgary","Clarkson",1
"South Carolina","Clarkson",1
"Washington","New Mexico State",1
"Penn. State","New Mexico State",1
"Texas A&M","New Mexico State",1
"Colorado, Boulder","New Mexico State",1
"Arizona State","New Mexico State",1
"Kentucky","New Mexico State",1
"Illinois, Urb. Champ.","Memphis",1
"Wisconsin, Madison","Memphis",1
"UCLA","Memphis",2
"Maryland, College Park","Memphis",1
"SUNY Stony Brook","Memphis",1
"Virginia","Memphis",1
"Ohio State","Memphis",1
"Michigan State","Memphis",1
"Southern Methodist","Memphis",1
"Louisiana State","Memphis",1
"Auburn","Memphis",1
"UC Berkeley","Victoria",2
"Princeton","Victoria",1
"Wisconsin, Madison","Victoria",1
"Rice","Victoria",1
"Toronto","Victoria",3
"UC San Diego","Victoria",1
"Northwestern","Victoria",1
"British Columbia","Victoria",1
"Utah","Victoria",1
"Waterloo","Victoria",3
"Simon Fraser","Victoria",2
"Alberta","Victoria",1
"Calgary","Victoria",1
"Ottawa","Victoria",1
"SUNY Binghamton","Victoria",1
"Manitoba","Victoria",1
"Concordia, Montreal","Victoria",1
"Caltech","Concordia, Montreal",1
"Rochester","Concordia, Montreal",1
"Ohio State","Concordia, Montreal",1
"British Columbia","Concordia, Montreal",2
"Waterloo","Concordia, Montreal",3
"McGill","Concordia, Montreal",1
"Montreal","Concordia, Montreal",1
"Brandeis","Concordia, Montreal",1
"Queens","Concordia, Montreal",1
"Illinois Inst. Tech.","Concordia, Montreal",2
"Dalhousie","Concordia, Montreal",1
"York","Concordia, Montreal",1
"Illinois, Urb. Champ.","Missouri, Kansas City",1
"Wisconsin, Madison","Missouri, Kansas City",1
"Toronto","Missouri, Kansas City",1
"Duke","Missouri, Kansas City",1
"Minnesota, Minneapolis","Missouri, Kansas City",2
"Arizona","Missouri, Kansas City",1
"Case Western","Missouri, Kansas City",1
"Kansas","Missouri, Kansas City",2
"New Jersey Inst. Tech.","Missouri, Kansas City",1
"Nebraska, Lincoln","Missouri, Kansas City",1
"Princeton","Missouri, Columbia",1
"Washington","Missouri, Columbia",1
"Illinois, Urb. Champ.","Missouri, Columbia",5
"UPenn","Missouri, Columbia",1
"SUNY Stony Brook","Missouri, Columbia",1
"UC Irvine","Missouri, Columbia",1
"Purdue","Missouri, Columbia",1
"Penn. State","Missouri, Columbia",1
"Ohio State","Missouri, Columbia",1
"Wash. U. St. Louis","Missouri, Columbia",1
"New Brunswick","Missouri, Columbia",1
"MIT","Dalhousie",1
"Illinois, Urb. Champ.","Dalhousie",1
"UPenn","Dalhousie",1
"Toronto","Dalhousie",1
"British Columbia","Dalhousie",1
"Oregon","Dalhousie",1
"Waterloo","Dalhousie",4
"Lehigh","Dalhousie",1
"Rensselaer Polytech.","Dalhousie",1
"Alberta","Dalhousie",1
"Western Ontario","Dalhousie",4
"Carleton","Dalhousie",4
"Ottawa","Dalhousie",1
"Duke","Virginia Commonwealth",1
"British Columbia","Virginia Commonwealth",1
"William and Mary","Virginia Commonwealth",1
"Texas, Arlington","Virginia Commonwealth",1
"MIT","Worcester Poly.",3
"Carnegie Mellon","Worcester Poly.",2
"UPenn","Worcester Poly.",1
"Chicago","Worcester Poly.",2
"Columbia","Worcester Poly.",1
"UMass, Amherst","Worcester Poly.",2
"Maryland, College Park","Worcester Poly.",2
"Duke","Worcester Poly.",1
"UC Irvine","Worcester Poly.",1
"Purdue","Worcester Poly.",2
"Minnesota, Minneapolis","Worcester Poly.",1
"Ohio State","Worcester Poly.",1
"George Washington","Worcester Poly.",1
"UConn","Worcester Poly.",1
"Indiana","Worcester Poly.",2
"Cornell","Old Dominion",1
"NYU","Old Dominion",1
"Chicago","Old Dominion",1
"Maryland, College Park","Old Dominion",1
"UNC","Old Dominion",1
"Purdue","Old Dominion",1
"Ohio State","Old Dominion",1
"Waterloo","Old Dominion",1
"McGill","Old Dominion",1
"Florida State","Old Dominion",1
"Stevens Inst. Tech.","Old Dominion",1
"Iowa","Old Dominion",1
"Arizona State","Old Dominion",1
"UC Berkeley","Texas, El Paso",2
"Cornell","Texas, El Paso",1
"NYU","Texas, El Paso",1
"Rochester","Texas, El Paso",1
"Michigan","Texas, El Paso",1
"Oregon","Texas, El Paso",1
"Iowa State","Texas, El Paso",1
"New Mexico State","Texas, El Paso",1
"Wyoming","Texas, El Paso",1
"Stanford","Naval Postgrad. Sch.",1
"MIT","Naval Postgrad. Sch.",4
"Yale","Naval Postgrad. Sch.",1
"UPenn","Naval Postgrad. Sch.",1
"UT, Austin","Naval Postgrad. Sch.",1
"Brown","Naval Postgrad. Sch.",1
"Johns Hopkins","Naval Postgrad. Sch.",1
"UC San Diego","Naval Postgrad. Sch.",2
"Minnesota, Minneapolis","Naval Postgrad. Sch.",1
"Georgia Tech","Naval Postgrad. Sch.",1
"UC Santa Barbara","Naval Postgrad. Sch.",2
"Case Western","Naval Postgrad. Sch.",1
"Washington State, Pullman","Naval Postgrad. Sch.",1
"Alberta","Naval Postgrad. Sch.",1
"George Washington","Naval Postgrad. Sch.",1
"George Mason","Naval Postgrad. Sch.",1
"Oregon Hlth & Sci","Naval Postgrad. Sch.",1
"Harvard","UMass, Boston",2
"Chicago","UMass, Boston",1
"Houston","UMass, Boston",1
"William and Mary","UMass, Boston",1
"Central Florida","UMass, Boston",1
"MIT","Wyoming",1
"Cornell","Wyoming",1
"Wisconsin, Madison","Wyoming",1
"UT, Austin","Wyoming",1
"SUNY Stony Brook","Wyoming",1
"Penn. State","Wyoming",1
"Michigan State","Wyoming",1
"Iowa State","Wyoming",1
"UNC, Charlotte","Wyoming",1
"MIT","York",1
"Carnegie Mellon","York",1
"Princeton","York",1
"Toronto","York",15
"UMass, Amherst","York",1
"Maryland, College Park","York",3
"Purdue","York",1
"McGill","York",1
"Montreal","York",1
"Illinois, Chicago","York",1
"Alberta","York",1
"Ottawa","York",1
"Regina","York",1
"Wisconsin, Madison","Georgia",1
"UCLA","Georgia",1
"UC San Diego","Georgia",1
"UNC","Georgia",1
"Georgia Tech","Georgia",4
"Rutgers","Georgia",1
"Syracuse","Georgia",1
"Texas A&M","Georgia",1
"Illinois, Chicago","Georgia",1
"Louisiana State","Georgia",1
"Oregon Hlth & Sci","Georgia",1
"South Carolina","Georgia",1
"Clarkson","Georgia",1
"Brown","Mississippi State",1
"Toronto","Mississippi State",1
"UMass, Amherst","Mississippi State",1
"Ohio State","Mississippi State",1
"Pittsburgh","Mississippi State",1
"UC Davis","Mississippi State",1
"Texas A&M","Mississippi State",1
"Poly. Inst. of NYU","Mississippi State",1
"Louisiana, Lafayette","Mississippi State",1
"Kansas State","Mississippi State",1
"South Florida","Mississippi State",1
"Tennessee, Knoxville","Mississippi State",1
"New Jersey Inst. Tech.","Mississippi State",1
"Florida Atlantic","Mississippi State",1
"Naval Postgrad. Sch.","Mississippi State",1
"Stanford","Tufts",1
"MIT","Tufts",2
"Harvard","Tufts",1
"Princeton","Tufts",2
"Washington","Tufts",1
"Illinois, Urb. Champ.","Tufts",1
"UT, Austin","Tufts",1
"Johns Hopkins","Tufts",1
"UMass, Amherst","Tufts",1
"Boston Univ.","Tufts",1
"Indiana","Tufts",1
"UNC, Charlotte","Tufts",1
"Cornell","Florida Intl",1
"Princeton","Florida Intl",1
"Illinois, Urb. Champ.","Florida Intl",1
"Wisconsin, Madison","Florida Intl",1
"UPenn","Florida Intl",1
"UCLA","Florida Intl",1
"Rochester","Florida Intl",1
"UC San Diego","Florida Intl",1
"SUNY Stony Brook","Florida Intl",1
"Dartmouth","Florida Intl",1
"Purdue","Florida Intl",2
"Georgia Tech","Florida Intl",1
"UC Santa Barbara","Florida Intl",1
"Michigan State","Florida Intl",1
"Case Western","Florida Intl",1
"Central Florida","Florida Intl",1
"Florida","Florida Intl",1
"Virginia Tech","Florida Intl",1
"Clemson","Florida Intl",1
"Illinois, Urb. Champ.","Southern Ill., Carbondale",1
"UMass, Amherst","Southern Ill., Carbondale",1
"Michigan State","Southern Ill., Carbondale",1
"Case Western","Southern Ill., Carbondale",1
"SUNY Buffalo","Southern Ill., Carbondale",1
"Louisiana State","Southern Ill., Carbondale",1
"Alabama, Birmingham","Southern Ill., Carbondale",1
"Southern Mississippi","Southern Ill., Carbondale",1
"Stanford","Ohio",1
"UT, Austin","Ohio",1
"UC Irvine","Ohio",1
"Purdue","Ohio",1
"Ohio State","Ohio",1
"Case Western","Ohio",1
"Iowa State","Ohio",1
"Florida","Ohio",1
"Arizona","Claremont Graduate",1
"Central Florida","Claremont Graduate",1
"Indiana","Claremont Graduate",1
"Rice","Catholic Univ. America",1
"Penn. State","Catholic Univ. America",1
"George Washington","Catholic Univ. America",1
"Missouri Sci. & Tech.","Catholic Univ. America",1
"MIT","Clemson",3
"Brown","Clemson",1
"UMass, Amherst","Clemson",1
"UNC","Clemson",3
"Virginia","Clemson",2
"Ohio State","Clemson",2
"Pittsburgh","Clemson",1
"Texas A&M","Clemson",1
"Michigan State","Clemson",1
"Cincinnati","Clemson",1
"Central Florida","Clemson",1
"NC State","Clemson",3
"Vanderbilt","Clemson",2
"Notre Dame","Clemson",2
"Arizona State","Clemson",1
"Texas, Dallas","Clemson",1
"Missouri, Columbia","Clemson",1
"UNC, Charlotte","Clemson",1
"MIT","UMass, Lowell",2
"Harvard","UMass, Lowell",1
"UPenn","UMass, Lowell",1
"UCLA","UMass, Lowell",1
"Rochester","UMass, Lowell",1
"UMass, Amherst","UMass, Lowell",2
"Dartmouth","UMass, Lowell",1
"Boston Univ.","UMass, Lowell",2
"Texas A&M","UMass, Lowell",1
"Virginia Tech","UMass, Lowell",1
"Washington","Oklahoma State",1
"Virginia","Oklahoma State",1
"Minnesota, Minneapolis","Oklahoma State",1
"Texas A&M","Oklahoma State",1
"SUNY Buffalo","Oklahoma State",1
"Louisiana, Lafayette","Oklahoma State",1
"Missouri Sci. & Tech.","Oklahoma State",1
"Nebraska, Lincoln","Oklahoma State",1
"Carnegie Mellon","UNC, Charlotte",1
"Illinois, Urb. Champ.","UNC, Charlotte",1
"UT, Austin","UNC, Charlotte",1
"Michigan","UNC, Charlotte",1
"Duke","UNC, Charlotte",1
"Purdue","UNC, Charlotte",1
"Georgia Tech","UNC, Charlotte",1
"Wash. U. St. Louis","UNC, Charlotte",2
"Pittsburgh","UNC, Charlotte",1
"Texas A&M","UNC, Charlotte",1
"Cincinnati","UNC, Charlotte",1
"NC State","UNC, Charlotte",2
"Texas, Arlington","UNC, Charlotte",1
"South Florida","UNC, Charlotte",1
"Illinois Inst. Tech.","UNC, Charlotte",1
"Auburn","UNC, Charlotte",1
"Worcester Poly.","UNC, Charlotte",1
"Oklahoma State","UNC, Charlotte",1
"Caltech","Alabama, Birmingham",1
"Cornell","Alabama, Birmingham",1
"Illinois, Urb. Champ.","Alabama, Birmingham",1
"UPenn","Alabama, Birmingham",1
"UC Irvine","Alabama, Birmingham",1
"Ohio State","Alabama, Birmingham",1
"Mississippi State","Alabama, Birmingham",1
"Florida Intl","Alabama, Birmingham",1
"Illinois, Urb. Champ.","Santa Clara",1
"UC San Diego","Santa Clara",2
"Purdue","Santa Clara",1
"Syracuse","Santa Clara",1
"UC Santa Barbara","Santa Clara",1
"UC Santa Cruz","Santa Clara",2
"Louisiana, Lafayette","Santa Clara",1
"UC Berkeley","Hawaii, Manoa",1
"Yale","Hawaii, Manoa",1
"Wisconsin, Madison","Hawaii, Manoa",1
"UCLA","Hawaii, Manoa",1
"UMass, Amherst","Hawaii, Manoa",2
"UNC","Hawaii, Manoa",1
"Duke","Hawaii, Manoa",1
"Purdue","Hawaii, Manoa",1
"Minnesota, Minneapolis","Hawaii, Manoa",1
"Indiana","Hawaii, Manoa",2
"Tennessee, Knoxville","Hawaii, Manoa",1
"Colorado State","Hawaii, Manoa",1
"Stanford","Temple",1
"Washington","Temple",1
"Illinois, Urb. Champ.","Temple",1
"UPenn","Temple",4
"Maryland, College Park","Temple",2
"Virginia","Temple",1
"Purdue","Temple",1
"Penn. State","Temple",1
"Northwestern","Temple",1
"Washington State, Pullman","Temple",1
"Alberta","Temple",1
"Drexel","Temple",1
"Florida Atlantic","Temple",1
"Maryland, Balt. County","Temple",1
"Toledo","Temple",1
"MIT","Toledo",1
"Illinois, Urb. Champ.","Toledo",1
"Vanderbilt","Toledo",1
"Wayne State","Toledo",2
"Western Ontario","Toledo",1
"Old Dominion","Toledo",1
"Rice","Michigan Tech.",1
"Johns Hopkins","Michigan Tech.",1
"UMass, Amherst","Michigan Tech.",1
"Michigan","Michigan Tech.",1
"Purdue","Michigan Tech.",2
"Ohio State","Michigan Tech.",1
"Pittsburgh","Michigan Tech.",2
"Utah","Michigan Tech.",1
"Michigan State","Michigan Tech.",1
"William and Mary","Michigan Tech.",1
"New Mexico","Michigan Tech.",1
"Iowa","Michigan Tech.",1
"Vanderbilt","Michigan Tech.",1
"Stanford","New Hampshire",1
"Harvard","New Hampshire",1
"UCLA","New Hampshire",1
"Brown","New Hampshire",1
"Toronto","New Hampshire",1
"Texas A&M","New Hampshire",1
"Vanderbilt","New Hampshire",1
"Illinois Inst. Tech.","New Hampshire",1
"Denver","New Hampshire",1
"Washington","Montana State",1
"UPenn","Montana State",1
"Johns Hopkins","Montana State",1
"Michigan","Montana State",1
"UC Santa Barbara","Montana State",1
"McGill","Montana State",1
"Washington State, Pullman","Montana State",1
"Colorado State","Montana State",1
"Auburn","Montana State",1
"Waterloo","New Brunswick",3
"McGill","New Brunswick",1
"Rensselaer Polytech.","New Brunswick",1
"Western Ontario","New Brunswick",1
"Queens","New Brunswick",1
"Manitoba","New Brunswick",1
"Saskatchewan","New Brunswick",1
"Victoria","New Brunswick",3
"Illinois, Urb. Champ.","Wright State",2
"Southern California","Wright State",2
"SUNY Stony Brook","Wright State",1
"Georgia Tech","Wright State",1
"Ohio State","Wright State",2
"Syracuse","Wright State",1
"Michigan State","Wright State",3
"Rensselaer Polytech.","Wright State",1
"Notre Dame","Wright State",1
"Wayne State","Wright State",1
"Texas, Dallas","Wright State",1
"UPenn","Western Michigan",2
"Michigan","Western Michigan",1
"Purdue","Western Michigan",1
"Northwestern","Western Michigan",1
"Pittsburgh","Western Michigan",1
"Wayne State","Western Michigan",1
"Kentucky","Western Michigan",1
"Missouri, Kansas City","Western Michigan",1
"MIT","Northeastern",8
"Harvard","Northeastern",3
"Carnegie Mellon","Northeastern",1
"Princeton","Northeastern",1
"Rice","Northeastern",1
"UT, Austin","Northeastern",3
"Brown","Northeastern",1
"Columbia","Northeastern",1
"Toronto","Northeastern",1
"UMass, Amherst","Northeastern",1
"Maryland, College Park","Northeastern",1
"Michigan","Northeastern",2
"Ohio State","Northeastern",1
"Northwestern","Northeastern",1
"Boston Univ.","Northeastern",1
"UC Santa Barbara","Northeastern",2
"Indiana","Northeastern",1
"Rhode Island","Northeastern",1
"Virginia","Alabama, Huntsville",1
"Michigan State","Alabama, Huntsville",2
"SUNY Buffalo","Alabama, Huntsville",2
"Iowa","Alabama, Huntsville",1
"Notre Dame","Alabama, Huntsville",1
"Virginia Tech","Alabama, Huntsville",1
"Auburn","Alabama, Huntsville",2
"Arizona","Idaho, Moscow",1
"UC Davis","Idaho, Moscow",1
"New Mexico","Idaho, Moscow",1
"Colorado State","Idaho, Moscow",2
"Texas, Dallas","Idaho, Moscow",1
"Oregon State","Idaho, Moscow",1
"Nebraska, Lincoln","Idaho, Moscow",1
"UT, Austin","Texas Tech",1
"Purdue","Texas Tech",1
"Penn. State","Texas Tech",1
"Texas A&M","Texas Tech",1
"Iowa State","Texas Tech",1
"Florida","Texas Tech",1
"George Mason","Texas Tech",1
"Western Ontario","Texas Tech",1
"Louisiana State","Texas Tech",1
"Illinois Inst. Tech.","Texas Tech",1
"Colorado State","Texas Tech",1
"Texas, El Paso","Texas Tech",1
"Georgia","Texas Tech",1
"Rice","Tulsa",1
"UMass, Amherst","Tulsa",1
"Michigan","Tulsa",1
"Wash. U. St. Louis","Tulsa",1
"Iowa","Tulsa",1
"Iowa State","Tulsa",1
"Kansas State","Tulsa",1
"Oklahoma","Tulsa",1
"Penn. State","Mississippi",1
"Wash. U. St. Louis","Mississippi",1
"Vanderbilt","Mississippi",1
"New Hampshire","Mississippi",1
"MIT","Brigham Young",1
"Illinois, Urb. Champ.","Brigham Young",3
"UPenn","Brigham Young",1
"UCLA","Brigham Young",1
"UT, Austin","Brigham Young",1
"Brown","Brigham Young",1
"Rochester","Brigham Young",1
"Southern California","Brigham Young",1
"Purdue","Brigham Young",2
"Utah","Brigham Young",4
"Kansas State","Brigham Young",1
"Oregon State","Brigham Young",1
"Utah State","Brigham Young",1
"Yale","Long Island",1
"Stevens Inst. Tech.","Long Island",1
"Poly. Inst. of NYU","Long Island",2
"Temple","Long Island",1
"UC Irvine","Southern Mississippi",1
"UC Santa Barbara","Southern Mississippi",1
"UC Davis","Southern Mississippi",1
"Waterloo","Southern Mississippi",1
"Lehigh","Southern Mississippi",1
"New Mexico","Southern Mississippi",1
"Florida","Southern Mississippi",2
"Louisiana State","Southern Mississippi",1
"Virginia Tech","Southern Mississippi",1
"Illinois Inst. Tech.","Southern Mississippi",1
"Auburn","Southern Mississippi",1
"Mississippi State","Southern Mississippi",2
"UPenn","Colorado, Colorado Springs",1
"UT, Austin","Colorado, Colorado Springs",1
"Columbia","Colorado, Colorado Springs",1
"UMass, Amherst","Colorado, Colorado Springs",1
"Kansas","Colorado, Colorado Springs",1
"William and Mary","Colorado, Colorado Springs",1
"Central Florida","Colorado, Colorado Springs",1
"Poly. Inst. of NYU","Colorado, Colorado Springs",1
"UNC, Charlotte","Colorado, Colorado Springs",1
"UC Irvine","Colorado School of Mines",1
"Georgia Tech","Colorado School of Mines",1
"William and Mary","Colorado School of Mines",1
"Florida","Colorado School of Mines",1
"Tennessee, Knoxville","Colorado School of Mines",1
"Florida Intl","Colorado School of Mines",1
"Yale","Georgia State",1
"Minnesota, Minneapolis","Georgia State",1
"Georgia Tech","Georgia State",1
"Arizona","Georgia State",1
"Pittsburgh","Georgia State",1
"Central Florida","Georgia State",1
"SUNY Buffalo","Georgia State",1
"Iowa State","Georgia State",1
"George Mason","Georgia State",1
"Louisiana, Lafayette","Georgia State",1
"Louisiana State","Georgia State",1
"South Florida","Georgia State",1
"Illinois Inst. Tech.","Georgia State",1
"UT, Austin","Nevada, Las Vegas",1
"UC Irvine","Nevada, Las Vegas",1
"British Columbia","Nevada, Las Vegas",1
"Case Western","Nevada, Las Vegas",2
"Iowa","Nevada, Las Vegas",1
"Texas, Dallas","Nevada, Las Vegas",1
"Nebraska, Lincoln","Nevada, Las Vegas",1
"Wyoming","Nevada, Las Vegas",1
"MIT","Kent State",1
"Carnegie Mellon","Kent State",1
"Wisconsin, Madison","Kent State",1
"UT, Austin","Kent State",1
"SUNY Stony Brook","Kent State",1
"Ohio State","Kent State",1
"Case Western","Kent State",1
"Southern Methodist","Kent State",1
"Wayne State","Kent State",2
"Kansas State","Kent State",2
"Oklahoma","Kent State",1
"Hawaii, Manoa","Kent State",1
"Toronto","Memorial Newfoundland",3
"Penn. State","Memorial Newfoundland",1
"British Columbia","Memorial Newfoundland",2
"Waterloo","Memorial Newfoundland",2
"McGill","Memorial Newfoundland",1
"Simon Fraser","Memorial Newfoundland",2
"McMaster","Memorial Newfoundland",1
"Alberta","Memorial Newfoundland",2
"Iowa","Memorial Newfoundland",1
"Carleton","Memorial Newfoundland",1
"Kansas State","Memorial Newfoundland",1
"Auburn","Memorial Newfoundland",1
"Regina","Memorial Newfoundland",1
"Victoria","Memorial Newfoundland",3
"Chicago","Utah State",1
"Purdue","Utah State",2
"Arizona","Utah State",1
"Utah","Utah State",2
"Iowa State","Utah State",1
"Louisiana State","Utah State",1
"Arizona State","Utah State",2
"Colorado State","Utah State",1
"Oregon State","Utah State",1
"Worcester Poly.","Utah State",1
"Montana State","Utah State",1
"Brigham Young","Utah State",1
"UC Berkeley","DePaul",1
"MIT","DePaul",1
"Harvard","DePaul",1
"Cornell","DePaul",1
"Carnegie Mellon","DePaul",2
"Yale","DePaul",1
"Washington","DePaul",1
"Wisconsin, Madison","DePaul",1
"UCLA","DePaul",2
"Chicago","DePaul",4
"UT, Austin","DePaul",1
"Brown","DePaul",1
"Michigan","DePaul",2
"UNC","DePaul",2
"SUNY Stony Brook","DePaul",1
"UC Irvine","DePaul",1
"Purdue","DePaul",2
"Arizona","DePaul",1
"Penn. State","DePaul",1
"Northwestern","DePaul",6
"Syracuse","DePaul",1
"Texas A&M","DePaul",1
"Montreal","DePaul",1
"Illinois, Chicago","DePaul",2
"Iowa State","DePaul",1
"Notre Dame","DePaul",1
"Wayne State","DePaul",2
"Indiana","DePaul",1
"Illinois Inst. Tech.","DePaul",1
"Maryland, Balt. County","DePaul",1
"Oakland (Michigan)","DePaul",1
"Concordia, Montreal","DePaul",1
"UC Berkeley","North Dakota State",1
"Brown","North Dakota State",1
"Minnesota, Minneapolis","North Dakota State",1
"Northwestern","North Dakota State",1
"British Columbia","North Dakota State",1
"Rensselaer Polytech.","North Dakota State",1
"SUNY Buffalo","North Dakota State",1
"Iowa State","North Dakota State",1
"Virginia Tech","North Dakota State",1
"Texas, Dallas","North Dakota State",1
"Nebraska, Lincoln","North Dakota State",1
"New Mexico State","North Dakota State",1
"Mississippi State","North Dakota State",1
"Florida Intl","North Dakota State",1
"Carnegie Mellon","Nova Southeastern",1
"Princeton","Nova Southeastern",1
"Columbia","Nova Southeastern",1
"Rochester","Nova Southeastern",1
"Purdue","Nova Southeastern",1
"Central Florida","Nova Southeastern",1
"Wayne State","Nova Southeastern",1
"Wisconsin, Milwaukee","Nova Southeastern",1
"SUNY Binghamton","Nova Southeastern",1
"Virginia Commonwealth","Nova Southeastern",1
"Mississippi State","Nova Southeastern",1
"Florida Intl","Nova Southeastern",2
"UT, Austin","Arkansas, Fayetteville",1
"UMass, Amherst","Arkansas, Fayetteville",1
"UNC","Arkansas, Fayetteville",2
"Duke","Arkansas, Fayetteville",1
"Minnesota, Minneapolis","Arkansas, Fayetteville",1
"Syracuse","Arkansas, Fayetteville",1
"Central Florida","Arkansas, Fayetteville",1
"NC State","Arkansas, Fayetteville",1
"George Washington","Arkansas, Fayetteville",1
"Indiana","Arkansas, Fayetteville",1
"North Dakota State","Arkansas, Fayetteville",1
"UPenn","Bridgeport",1
"Virginia","Bridgeport",1
"Cincinnati","Bridgeport",1
"SUNY Buffalo","Bridgeport",1
"Washington State, Pullman","Bridgeport",1
"Louisiana, Lafayette","Bridgeport",1
"Texas, Arlington","Bridgeport",1
"UConn","Bridgeport",1
"Texas, Dallas","Bridgeport",1
"Clarkson","Bridgeport",1
"Florida Intl","Bridgeport",1
"Wisconsin, Madison","Louisville",1
"Michigan","Louisville",1
"Rutgers","Louisville",1
"Wash. U. St. Louis","Louisville",1
"NC State","Louisville",2
"SUNY Buffalo","Louisville",1
"Poly. Inst. of NYU","Louisville",1
"Vanderbilt","Louisville",1
"Indiana","Louisville",1
"Auburn","Louisville",1
"Missouri, Columbia","Louisville",2
"Maryland, College Park","Nebraska, Omaha",1
"Penn. State","Nebraska, Omaha",1
"UC Santa Barbara","Nebraska, Omaha",1
"Rensselaer Polytech.","Nebraska, Omaha",1
"New Mexico","Nebraska, Omaha",1
"Louisiana State","Nebraska, Omaha",1
"Kansas State","Nebraska, Omaha",1
"SUNY Albany","Nebraska, Omaha",2
"Oregon State","Nebraska, Omaha",1
"Nebraska, Lincoln","Nebraska, Omaha",3
"New Mexico State","Nebraska, Omaha",1
"Cornell","Florida Inst. Tech.",1
"Columbia","Florida Inst. Tech.",1
"Maryland, College Park","Florida Inst. Tech.",1
"Central Florida","Florida Inst. Tech.",1
"NC State","Florida Inst. Tech.",1
"McMaster","Florida Inst. Tech.",1
"Louisiana, Lafayette","Florida Inst. Tech.",2
"SUNY Albany","Florida Inst. Tech.",1
"Florida Atlantic","Florida Inst. Tech.",1
"Victoria","Florida Inst. Tech.",1
"Southern Ill., Carbondale","Florida Inst. Tech.",1
"MIT","Arkansas, Little Rock",1
"Illinois, Urb. Champ.","Arkansas, Little Rock",1
"William and Mary","Arkansas, Little Rock",1
"Southern Methodist","Arkansas, Little Rock",1
"Arizona State","Arkansas, Little Rock",1
"South Florida","Arkansas, Little Rock",1
"Colorado State","Arkansas, Little Rock",1
"Worcester Poly.","Arkansas, Little Rock",1
"Alabama, Birmingham","Arkansas, Little Rock",1
"Cornell","Rochester Inst. Tech.",1
"Carnegie Mellon","Rochester Inst. Tech.",1
"Washington","Rochester Inst. Tech.",1
"Illinois, Urb. Champ.","Rochester Inst. Tech.",1
"Chicago","Rochester Inst. Tech.",1
"Rochester","Rochester Inst. Tech.",2
"Maryland, College Park","Rochester Inst. Tech.",1
"Purdue","Rochester Inst. Tech.",1
"Wash. U. St. Louis","Rochester Inst. Tech.",1
"Brandeis","Rochester Inst. Tech.",1
"George Washington","Rochester Inst. Tech.",1
"Wayne State","Rochester Inst. Tech.",1
"Queens","Rochester Inst. Tech.",1
"Kansas State","Rochester Inst. Tech.",1
"Virginia Tech","Rochester Inst. Tech.",1
"Nova Southeastern","Rochester Inst. Tech.",1
"Cornell","Pace",1
"UPenn","Pace",1
"NYU","Pace",1
"Columbia","Pace",1
"Pittsburgh","Pace",1
"CUNY Graduate Center","Pace",2
"Cincinnati","Pace",1
"Rensselaer Polytech.","Pace",1
"SUNY Buffalo","Pace",1
"Stevens Inst. Tech.","Pace",1
"Poly. Inst. of NYU","Pace",1
"Illinois Inst. Tech.","Pace",1
"Rhode Island","Pace",1
"DePaul","Pace",1
"Rice","New Mexico Inst. Min. Tech.",1
"UMass, Amherst","New Mexico Inst. Min. Tech.",1
"SUNY Stony Brook","New Mexico Inst. Min. Tech.",1
"New Mexico State","New Mexico Inst. Min. Tech.",1
"UNC, Charlotte","New Mexico Inst. Min. Tech.",1
"Nevada, Las Vegas","New Mexico Inst. Min. Tech.",1
"Rice","Nevada, Reno",1
"UT, Austin","Nevada, Reno",1
"Southern California","Nevada, Reno",2
"Kansas","Nevada, Reno",1
"Rensselaer Polytech.","Nevada, Reno",1
"Central Florida","Nevada, Reno",1
"Indiana","Nevada, Reno",1
"Texas, Dallas","Nevada, Reno",1
"Dalhousie","Nevada, Reno",1
"Wyoming","Nevada, Reno",1
"Clemson","Nevada, Reno",1
"Princeton","Alabama, Tuscaloosa",1
"Illinois, Urb. Champ.","Alabama, Tuscaloosa",1
"UCLA","Alabama, Tuscaloosa",1
"Maryland, College Park","Alabama, Tuscaloosa",1
"Minnesota, Minneapolis","Alabama, Tuscaloosa",1
"Georgia Tech","Alabama, Tuscaloosa",1
"Ohio State","Alabama, Tuscaloosa",1
"Texas A&M","Alabama, Tuscaloosa",1
"McGill","Alabama, Tuscaloosa",1
"Vanderbilt","Alabama, Tuscaloosa",1
"Louisiana State","Alabama, Tuscaloosa",1
"Old Dominion","Alabama, Tuscaloosa",1
"Clemson","Alabama, Tuscaloosa",1
"Wright State","Alabama, Tuscaloosa",1
"Texas Tech","Alabama, Tuscaloosa",1
"Purdue","North Texas, Denton",1
"Minnesota, Minneapolis","North Texas, Denton",1
"Northwestern","North Texas, Denton",1
"Wash. U. St. Louis","North Texas, Denton",1
"Montreal","North Texas, Denton",1
"Southern Methodist","North Texas, Denton",1
"Central Florida","North Texas, Denton",1
"Iowa","North Texas, Denton",1
"Iowa State","North Texas, Denton",3
"Wayne State","North Texas, Denton",1
"Texas, Arlington","North Texas, Denton",1
"South Florida","North Texas, Denton",1
"Colorado State","North Texas, Denton",1
"Concordia, Montreal","North Texas, Denton",1
"Western Michigan","North Texas, Denton",1
"Alabama, Huntsville","North Texas, Denton",1
