has,prefers,count
"Harvard","Harvard",5
"Yale","Yale",6
"UC Berkeley","UC Berkeley",6
"Princeton","Princeton",4
"Stanford","Stanford",3
"Chicago","Chicago",6
"Columbia","Columbia",6
"Brandeis","Brandeis",0
"Johns Hopkins","Johns Hopkins",2
"UPenn","UPenn",3
"Wisconsin, Madison","Wisconsin, Madison",2
"Michigan","Michigan",2
"UCLA","UCLA",5
"Northwestern","Northwestern",1
"Cornell","Cornell",1
"Brown","Brown",0
"UC Davis","UC Davis",0
"Rochester","Rochester",0
"NYU","NYU",1
"UC San Diego","UC San Diego",0
"Duke","Duke",2
"Minnesota","Minnesota",1
"Rutgers","Rutgers",0
"UNC","UNC",2
"Virginia","Virginia",1
"USC","USC",0
"Washington","Washington",1
"MIT","MIT",0
"UT Austin","UT Austin",4
"Emory","Emory",0
"Indiana","Indiana",0
"SUNY Stony Brook","SUNY Stony Brook",0
"Illinois, Urb. Champ.","Illinois, Urb. Champ.",1
"Wash. U. St. Louis","Wash. U. St. Louis",0
"UC Riverside","UC Riverside",0
"Michigan State","Michigan State",1
"UC Irvine","UC Irvine",0
"UC Santa Barbara","UC Santa Barbara",0
"SUNY Binghamton","SUNY Binghamton",0
"Georgetown","Georgetown",1
"Arizona","Arizona",0
"Maryland","Maryland",0
"Catholic Univ. America","Catholic Univ. America",0
"Florida","Florida",0
"Carnegie Mellon","Carnegie Mellon",0
"Pittsburgh","Pittsburgh",1
"Tufts","Tufts",0
"Notre Dame","Notre Dame",2
"Rice","Rice",0
"SUNY Buffalo","SUNY Buffalo",0
"UC Santa Cruz","UC Santa Cruz",0
"Boston Univ.","Boston Univ.",0
"Vanderbilt","Vanderbilt",0
"George Washington","George Washington",1
"UConn","UConn",0
"New Mexico","New Mexico",1
"Ohio State","Ohio State",3
"Georgia","Georgia",1
"Iowa","Iowa",1
"UMass Amherst","UMass Amherst",0
"Northern Illinois","Northern Illinois",0
"Miami","Miami",0
"Boston College","Boston College",1
"Illinois, Chicago","Illinois, Chicago",0
"Temple","Temple",0
"Claremont","Claremont",0
"LSU","LSU",0
"Kansas","Kansas",0
"Hawaii","Hawaii",3
"Case Western","Case Western",1
"Tulane","Tulane",0
"Wayne State","Wayne State",0
"Lower 72 Universities","Lower 72 Universities",144
"Yale","Harvard",1
"UC Berkeley","Harvard",2
"Princeton","Harvard",1
"Stanford","Harvard",1
"Chicago","Harvard",1
"Columbia","Harvard",3
"Michigan","Harvard",1
"Brown","Harvard",1
"Duke","Harvard",1
"Virginia","Harvard",1
"Harvard","Yale",3
"UC Berkeley","Yale",3
"Princeton","Yale",2
"Stanford","Yale",1
"Chicago","Yale",1
"Columbia","Yale",3
"Johns Hopkins","Yale",1
"UPenn","Yale",1
"Wisconsin, Madison","Yale",3
"Michigan","Yale",1
"Brown","Yale",2
"Virginia","Yale",1
"Washington","Yale",1
"MIT","Yale",1
"UT Austin","Yale",1
"Ohio State","Yale",1
"Boston College","Yale",1
"Lower 72 Universities","Yale",2
"Harvard","UC Berkeley",5
"Yale","UC Berkeley",1
"Princeton","UC Berkeley",5
"Stanford","UC Berkeley",2
"Columbia","UC Berkeley",3
"UPenn","UC Berkeley",1
"Wisconsin, Madison","UC Berkeley",1
"UCLA","UC Berkeley",2
"Cornell","UC Berkeley",1
"Georgetown","UC Berkeley",1
"Harvard","Princeton",5
"Yale","Princeton",7
"UC Berkeley","Princeton",1
"Stanford","Princeton",2
"Chicago","Princeton",2
"Columbia","Princeton",2
"Brandeis","Princeton",1
"Johns Hopkins","Princeton",1
"UPenn","Princeton",4
"Wisconsin, Madison","Princeton",1
"Northwestern","Princeton",1
"Cornell","Princeton",1
"Harvard","Stanford",7
"Yale","Stanford",1
"UC Berkeley","Stanford",3
"Princeton","Stanford",2
"Chicago","Stanford",3
"Columbia","Stanford",2
"Wisconsin, Madison","Stanford",1
"Michigan","Stanford",2
"UCLA","Stanford",5
"Washington","Stanford",1
"Illinois, Urb. Champ.","Stanford",1
"Harvard","Chicago",5
"Yale","Chicago",3
"Princeton","Chicago",3
"Stanford","Chicago",2
"Columbia","Chicago",3
"Johns Hopkins","Chicago",1
"Wisconsin, Madison","Chicago",1
"Brown","Chicago",1
"Notre Dame","Chicago",1
"Harvard","Columbia",13
"Yale","Columbia",5
"UC Berkeley","Columbia",3
"Princeton","Columbia",3
"Stanford","Columbia",4
"Chicago","Columbia",6
"Brandeis","Columbia",1
"UPenn","Columbia",1
"Wisconsin, Madison","Columbia",1
"Northwestern","Columbia",2
"Rochester","Columbia",2
"Rutgers","Columbia",1
"UT Austin","Columbia",2
"Illinois, Urb. Champ.","Columbia",1
"Harvard","Brandeis",2
"UC Berkeley","Brandeis",2
"Chicago","Brandeis",1
"Columbia","Brandeis",1
"Johns Hopkins","Brandeis",1
"Northwestern","Brandeis",1
"Kansas","Brandeis",1
"Harvard","Johns Hopkins",1
"Yale","Johns Hopkins",1
"UC Berkeley","Johns Hopkins",1
"Princeton","Johns Hopkins",1
"Stanford","Johns Hopkins",3
"Columbia","Johns Hopkins",3
"Wisconsin, Madison","Johns Hopkins",2
"Michigan","Johns Hopkins",2
"Rochester","Johns Hopkins",1
"Rutgers","Johns Hopkins",1
"Illinois, Urb. Champ.","Johns Hopkins",1
"Harvard","UPenn",5
"Yale","UPenn",2
"UC Berkeley","UPenn",2
"Princeton","UPenn",1
"Chicago","UPenn",2
"Columbia","UPenn",1
"Wisconsin, Madison","UPenn",2
"UCLA","UPenn",1
"SUNY Stony Brook","UPenn",1
"Michigan State","UPenn",1
"Yale","Wisconsin, Madison",3
"UC Berkeley","Wisconsin, Madison",5
"Princeton","Wisconsin, Madison",1
"Stanford","Wisconsin, Madison",1
"Chicago","Wisconsin, Madison",1
"Columbia","Wisconsin, Madison",4
"Michigan","Wisconsin, Madison",2
"Northwestern","Wisconsin, Madison",1
"UC San Diego","Wisconsin, Madison",1
"Minnesota","Wisconsin, Madison",1
"UNC","Wisconsin, Madison",2
"MIT","Wisconsin, Madison",1
"Lower 72 Universities","Wisconsin, Madison",1
"Harvard","Michigan",7
"Yale","Michigan",4
"UC Berkeley","Michigan",4
"Princeton","Michigan",6
"Stanford","Michigan",3
"Chicago","Michigan",3
"Columbia","Michigan",3
"Brandeis","Michigan",1
"Johns Hopkins","Michigan",3
"UPenn","Michigan",3
"Wisconsin, Madison","Michigan",1
"UCLA","Michigan",1
"Northwestern","Michigan",1
"Brown","Michigan",1
"Duke","Michigan",2
"Minnesota","Michigan",2
"Virginia","Michigan",2
"Washington","Michigan",1
"UT Austin","Michigan",1
"Notre Dame","Michigan",1
"UC Santa Cruz","Michigan",1
"UMass Amherst","Michigan",1
"Case Western","Michigan",1
"Harvard","UCLA",4
"Yale","UCLA",4
"UC Berkeley","UCLA",6
"Princeton","UCLA",7
"Stanford","UCLA",4
"Chicago","UCLA",2
"Columbia","UCLA",3
"Johns Hopkins","UCLA",2
"Wisconsin, Madison","UCLA",1
"Michigan","UCLA",1
"Cornell","UCLA",2
"Brown","UCLA",1
"Rochester","UCLA",1
"Washington","UCLA",1
"Illinois, Urb. Champ.","UCLA",1
"Boston College","UCLA",1
"Kansas","UCLA",1
"Harvard","Northwestern",7
"Yale","Northwestern",9
"UC Berkeley","Northwestern",2
"Chicago","Northwestern",2
"Brandeis","Northwestern",1
"Johns Hopkins","Northwestern",1
"UPenn","Northwestern",1
"Wisconsin, Madison","Northwestern",1
"Michigan","Northwestern",1
"UCLA","Northwestern",1
"Rutgers","Northwestern",1
"UT Austin","Northwestern",1
"Indiana","Northwestern",1
"Georgetown","Northwestern",1
"Harvard","Cornell",4
"Yale","Cornell",6
"Princeton","Cornell",1
"Chicago","Cornell",2
"UPenn","Cornell",1
"Michigan","Cornell",1
"UCLA","Cornell",1
"NYU","Cornell",2
"Duke","Cornell",1
"UC Irvine","Cornell",1
"Lower 72 Universities","Cornell",1
"Harvard","Brown",4
"Yale","Brown",2
"UC Berkeley","Brown",2
"Chicago","Brown",3
"Wisconsin, Madison","Brown",1
"Michigan","Brown",2
"UC Davis","Brown",1
"Washington","Brown",1
"Georgetown","Brown",1
"Harvard","UC Davis",1
"Yale","UC Davis",1
"UC Berkeley","UC Davis",3
"Princeton","UC Davis",1
"Stanford","UC Davis",4
"Chicago","UC Davis",1
"Brandeis","UC Davis",1
"UPenn","UC Davis",1
"Michigan","UC Davis",1
"UCLA","UC Davis",3
"Brown","UC Davis",1
"Harvard","Rochester",1
"Yale","Rochester",1
"Princeton","Rochester",4
"Stanford","Rochester",2
"Chicago","Rochester",1
"UC San Diego","Rochester",1
"Minnesota","Rochester",1
"Virginia","Rochester",1
"Lower 72 Universities","Rochester",1
"Yale","NYU",4
"UC Berkeley","NYU",2
"Stanford","NYU",1
"Chicago","NYU",3
"Columbia","NYU",2
"Johns Hopkins","NYU",2
"UPenn","NYU",1
"Wisconsin, Madison","NYU",1
"Michigan","NYU",1
"UCLA","NYU",1
"Northwestern","NYU",2
"UC Davis","NYU",1
"Rochester","NYU",2
"UC San Diego","NYU",1
"UNC","NYU",1
"Harvard","UC San Diego",4
"Yale","UC San Diego",2
"UC Berkeley","UC San Diego",3
"Stanford","UC San Diego",1
"Chicago","UC San Diego",4
"Columbia","UC San Diego",1
"Wisconsin, Madison","UC San Diego",1
"Michigan","UC San Diego",2
"UCLA","UC San Diego",1
"Northwestern","UC San Diego",1
"Brown","UC San Diego",2
"NYU","UC San Diego",1
"UT Austin","UC San Diego",1
"UC Santa Barbara","UC San Diego",1
"Harvard","Duke",1
"Yale","Duke",6
"Princeton","Duke",1
"Chicago","Duke",3
"Columbia","Duke",3
"Johns Hopkins","Duke",2
"Michigan","Duke",1
"UCLA","Duke",1
"UNC","Duke",1
"Virginia","Duke",2
"Illinois, Urb. Champ.","Duke",1
"George Washington","Duke",1
"Harvard","Minnesota",1
"UC Berkeley","Minnesota",1
"Princeton","Minnesota",1
"Stanford","Minnesota",2
"UPenn","Minnesota",2
"Wisconsin, Madison","Minnesota",4
"Michigan","Minnesota",2
"UCLA","Minnesota",2
"NYU","Minnesota",2
"Indiana","Minnesota",1
"Lower 72 Universities","Minnesota",1
"Harvard","Rutgers",3
"Yale","Rutgers",3
"UC Berkeley","Rutgers",2
"Princeton","Rutgers",4
"Stanford","Rutgers",1
"Chicago","Rutgers",3
"Columbia","Rutgers",5
"UPenn","Rutgers",1
"Wisconsin, Madison","Rutgers",3
"Michigan","Rutgers",1
"UCLA","Rutgers",2
"Cornell","Rutgers",1
"NYU","Rutgers",1
"Minnesota","Rutgers",1
"USC","Rutgers",1
"Northern Illinois","Rutgers",1
"Lower 72 Universities","Rutgers",1
"Harvard","UNC",3
"Yale","UNC",4
"UC Berkeley","UNC",1
"Princeton","UNC",2
"Stanford","UNC",3
"Chicago","UNC",1
"Columbia","UNC",2
"UPenn","UNC",1
"Wisconsin, Madison","UNC",3
"Michigan","UNC",2
"Northwestern","UNC",1
"Cornell","UNC",2
"NYU","UNC",1
"UC San Diego","UNC",1
"Duke","UNC",1
"Indiana","UNC",1
"New Mexico","UNC",1
"Iowa","UNC",1
"Harvard","Virginia",3
"Yale","Virginia",8
"UC Berkeley","Virginia",4
"Princeton","Virginia",2
"Chicago","Virginia",2
"Columbia","Virginia",1
"Johns Hopkins","Virginia",2
"UPenn","Virginia",1
"Wisconsin, Madison","Virginia",2
"Michigan","Virginia",1
"UCLA","Virginia",2
"Cornell","Virginia",1
"UC Davis","Virginia",1
"UC San Diego","Virginia",1
"Rutgers","Virginia",1
"MIT","Virginia",1
"UT Austin","Virginia",1
"Tufts","Virginia",1
"Ohio State","Virginia",1
"Harvard","USC",3
"UC Berkeley","USC",2
"Princeton","USC",2
"Stanford","USC",3
"Chicago","USC",1
"Columbia","USC",3
"Wisconsin, Madison","USC",1
"UC San Diego","USC",1
"Harvard","Washington",3
"Yale","Washington",1
"UC Berkeley","Washington",5
"Princeton","Washington",1
"Stanford","Washington",4
"Johns Hopkins","Washington",2
"Northwestern","Washington",1
"Cornell","Washington",3
"UC San Diego","Washington",1
"Minnesota","Washington",1
"Rutgers","Washington",1
"Virginia","Washington",1
"Indiana","Washington",1
"Harvard","MIT",4
"UC Berkeley","MIT",1
"Columbia","MIT",2
"Virginia","MIT",1
"Lower 72 Universities","MIT",1
"Yale","UT Austin",6
"UC Berkeley","UT Austin",2
"Princeton","UT Austin",1
"Stanford","UT Austin",2
"Chicago","UT Austin",1
"Columbia","UT Austin",1
"Brandeis","UT Austin",1
"Johns Hopkins","UT Austin",4
"UPenn","UT Austin",1
"Wisconsin, Madison","UT Austin",2
"Michigan","UT Austin",2
"UCLA","UT Austin",1
"Cornell","UT Austin",2
"Brown","UT Austin",1
"NYU","UT Austin",1
"UC San Diego","UT Austin",1
"Minnesota","UT Austin",1
"UNC","UT Austin",1
"Indiana","UT Austin",1
"Ohio State","UT Austin",1
"Miami","UT Austin",1
"Harvard","Emory",1
"Yale","Emory",2
"UC Berkeley","Emory",2
"Stanford","Emory",3
"Chicago","Emory",2
"Brandeis","Emory",1
"Johns Hopkins","Emory",2
"Michigan","Emory",3
"NYU","Emory",1
"Duke","Emory",1
"Lower 72 Universities","Emory",1
"Harvard","Indiana",1
"Yale","Indiana",3
"UC Berkeley","Indiana",2
"Princeton","Indiana",3
"Chicago","Indiana",3
"Columbia","Indiana",1
"Brandeis","Indiana",1
"UPenn","Indiana",2
"Michigan","Indiana",3
"UCLA","Indiana",1
"Brown","Indiana",1
"Virginia","Indiana",1
"Michigan State","Indiana",1
"UC Santa Barbara","Indiana",1
"Georgetown","Indiana",1
"UConn","Indiana",1
"Harvard","SUNY Stony Brook",2
"Yale","SUNY Stony Brook",2
"UC Berkeley","SUNY Stony Brook",3
"Stanford","SUNY Stony Brook",2
"Chicago","SUNY Stony Brook",3
"Columbia","SUNY Stony Brook",1
"UPenn","SUNY Stony Brook",1
"Wisconsin, Madison","SUNY Stony Brook",1
"Maryland","SUNY Stony Brook",1
"Harvard","Illinois, Urb. Champ.",4
"Yale","Illinois, Urb. Champ.",4
"UC Berkeley","Illinois, Urb. Champ.",6
"Princeton","Illinois, Urb. Champ.",1
"Stanford","Illinois, Urb. Champ.",4
"Chicago","Illinois, Urb. Champ.",1
"Brandeis","Illinois, Urb. Champ.",1
"Wisconsin, Madison","Illinois, Urb. Champ.",1
"Michigan","Illinois, Urb. Champ.",3
"UCLA","Illinois, Urb. Champ.",2
"Northwestern","Illinois, Urb. Champ.",2
"Brown","Illinois, Urb. Champ.",1
"UC Davis","Illinois, Urb. Champ.",1
"Rochester","Illinois, Urb. Champ.",1
"NYU","Illinois, Urb. Champ.",1
"UC Riverside","Illinois, Urb. Champ.",1
"Pittsburgh","Illinois, Urb. Champ.",1
"UC Santa Cruz","Illinois, Urb. Champ.",1
"Harvard","Wash. U. St. Louis",3
"Yale","Wash. U. St. Louis",1
"Princeton","Wash. U. St. Louis",1
"Chicago","Wash. U. St. Louis",1
"Johns Hopkins","Wash. U. St. Louis",2
"Virginia","Wash. U. St. Louis",1
"Washington","Wash. U. St. Louis",1
"Michigan State","Wash. U. St. Louis",1
"Harvard","UC Riverside",2
"Princeton","UC Riverside",1
"Chicago","UC Riverside",3
"Johns Hopkins","UC Riverside",1
"Michigan","UC Riverside",2
"Cornell","UC Riverside",2
"Virginia","UC Riverside",1
"Washington","UC Riverside",1
"Wash. U. St. Louis","UC Riverside",1
"Lower 72 Universities","UC Riverside",1
"Yale","Michigan State",1
"Princeton","Michigan State",1
"Stanford","Michigan State",2
"Chicago","Michigan State",3
"Columbia","Michigan State",1
"Johns Hopkins","Michigan State",1
"Wisconsin, Madison","Michigan State",1
"Michigan","Michigan State",3
"Brown","Michigan State",1
"UC San Diego","Michigan State",1
"Washington","Michigan State",1
"Indiana","Michigan State",1
"Boston Univ.","Michigan State",1
"Vanderbilt","Michigan State",1
"Miami","Michigan State",1
"Harvard","UC Irvine",1
"UC Berkeley","UC Irvine",5
"Stanford","UC Irvine",1
"Chicago","UC Irvine",1
"UCLA","UC Irvine",1
"Cornell","UC Irvine",1
"NYU","UC Irvine",1
"UT Austin","UC Irvine",1
"Emory","UC Irvine",1
"SUNY Stony Brook","UC Irvine",1
"Yale","UC Santa Barbara",2
"UC Berkeley","UC Santa Barbara",2
"Princeton","UC Santa Barbara",3
"Stanford","UC Santa Barbara",1
"Columbia","UC Santa Barbara",1
"Wisconsin, Madison","UC Santa Barbara",1
"Michigan","UC Santa Barbara",2
"UCLA","UC Santa Barbara",3
"Northwestern","UC Santa Barbara",1
"Cornell","UC Santa Barbara",1
"NYU","UC Santa Barbara",1
"Washington","UC Santa Barbara",1
"Arizona","UC Santa Barbara",1
"Harvard","SUNY Binghamton",1
"Princeton","SUNY Binghamton",1
"Chicago","SUNY Binghamton",4
"Columbia","SUNY Binghamton",2
"Brandeis","SUNY Binghamton",1
"Wisconsin, Madison","SUNY Binghamton",2
"UCLA","SUNY Binghamton",2
"Minnesota","SUNY Binghamton",1
"Florida","SUNY Binghamton",1
"Harvard","Georgetown",4
"Yale","Georgetown",2
"Princeton","Georgetown",1
"Stanford","Georgetown",4
"Columbia","Georgetown",2
"Johns Hopkins","Georgetown",1
"UPenn","Georgetown",1
"Northwestern","Georgetown",1
"Rochester","Georgetown",1
"Duke","Georgetown",1
"UNC","Georgetown",1
"Washington","Georgetown",1
"UT Austin","Georgetown",1
"SUNY Binghamton","Georgetown",1
"George Washington","Georgetown",1
"Chicago","Arizona",1
"Columbia","Arizona",2
"Brandeis","Arizona",1
"UPenn","Arizona",2
"Wisconsin, Madison","Arizona",1
"Michigan","Arizona",1
"UCLA","Arizona",1
"Cornell","Arizona",1
"Rutgers","Arizona",1
"MIT","Arizona",1
"Illinois, Urb. Champ.","Arizona",1
"Notre Dame","Arizona",1
"Lower 72 Universities","Arizona",1
"Harvard","Maryland",3
"Yale","Maryland",1
"UC Berkeley","Maryland",1
"Stanford","Maryland",1
"Chicago","Maryland",3
"Columbia","Maryland",1
"Brandeis","Maryland",2
"Johns Hopkins","Maryland",1
"UPenn","Maryland",1
"Wisconsin, Madison","Maryland",3
"Michigan","Maryland",2
"NYU","Maryland",2
"UNC","Maryland",2
"Harvard","Catholic Univ. America",2
"Princeton","Catholic Univ. America",1
"Stanford","Catholic Univ. America",2
"Chicago","Catholic Univ. America",1
"Columbia","Catholic Univ. America",2
"Cornell","Catholic Univ. America",1
"Brown","Catholic Univ. America",1
"Harvard","Florida",1
"UC Berkeley","Florida",1
"Princeton","Florida",1
"Stanford","Florida",2
"Brandeis","Florida",2
"Wisconsin, Madison","Florida",3
"UCLA","Florida",1
"Cornell","Florida",1
"Brown","Florida",1
"Duke","Florida",2
"UNC","Florida",2
"Virginia","Florida",1
"Carnegie Mellon","Florida",1
"Rice","Florida",1
"Harvard","Carnegie Mellon",1
"Stanford","Carnegie Mellon",1
"Columbia","Carnegie Mellon",1
"UPenn","Carnegie Mellon",1
"Wisconsin, Madison","Carnegie Mellon",1
"Michigan","Carnegie Mellon",2
"Northwestern","Carnegie Mellon",1
"Minnesota","Carnegie Mellon",2
"Rutgers","Carnegie Mellon",1
"Harvard","Pittsburgh",1
"UPenn","Pittsburgh",1
"Wisconsin, Madison","Pittsburgh",6
"Duke","Pittsburgh",1
"Michigan State","Pittsburgh",1
"SUNY Buffalo","Pittsburgh",1
"Boston College","Pittsburgh",1
"Harvard","Tufts",5
"Stanford","Tufts",1
"Columbia","Tufts",1
"Michigan","Tufts",2
"Virginia","Tufts",1
"Boston Univ.","Tufts",1
"Temple","Tufts",1
"Harvard","Notre Dame",2
"Yale","Notre Dame",1
"Princeton","Notre Dame",2
"Stanford","Notre Dame",4
"Chicago","Notre Dame",3
"Brandeis","Notre Dame",1
"UPenn","Notre Dame",1
"Wisconsin, Madison","Notre Dame",2
"Michigan","Notre Dame",1
"UCLA","Notre Dame",1
"Northwestern","Notre Dame",1
"Brown","Notre Dame",2
"Indiana","Notre Dame",1
"Michigan State","Notre Dame",1
"Vanderbilt","Notre Dame",1
"Harvard","Rice",2
"UC Berkeley","Rice",1
"Princeton","Rice",1
"Johns Hopkins","Rice",3
"Cornell","Rice",2
"UC Davis","Rice",2
"NYU","Rice",1
"Duke","Rice",1
"Virginia","Rice",1
"Georgetown","Rice",1
"Harvard","SUNY Buffalo",1
"Yale","SUNY Buffalo",1
"UC Berkeley","SUNY Buffalo",1
"Princeton","SUNY Buffalo",1
"Wisconsin, Madison","SUNY Buffalo",3
"Michigan","SUNY Buffalo",1
"Rutgers","SUNY Buffalo",1
"UT Austin","SUNY Buffalo",1
"Indiana","SUNY Buffalo",1
"UC Riverside","SUNY Buffalo",1
"Arizona","SUNY Buffalo",1
"UC Berkeley","UC Santa Cruz",1
"Chicago","UC Santa Cruz",2
"Johns Hopkins","UC Santa Cruz",1
"UPenn","UC Santa Cruz",1
"Wisconsin, Madison","UC Santa Cruz",1
"Michigan","UC Santa Cruz",1
"UCLA","UC Santa Cruz",2
"UC San Diego","UC Santa Cruz",1
"Rutgers","UC Santa Cruz",1
"Harvard","Boston Univ.",3
"Yale","Boston Univ.",2
"UC Berkeley","Boston Univ.",4
"Princeton","Boston Univ.",2
"Stanford","Boston Univ.",1
"Chicago","Boston Univ.",3
"Brandeis","Boston Univ.",1
"UCLA","Boston Univ.",3
"Brown","Boston Univ.",1
"Virginia","Boston Univ.",1
"MIT","Boston Univ.",1
"Michigan State","Boston Univ.",1
"SUNY Binghamton","Boston Univ.",1
"Tufts","Boston Univ.",1
"Temple","Boston Univ.",1
"Harvard","Vanderbilt",5
"Yale","Vanderbilt",3
"UC Berkeley","Vanderbilt",2
"Princeton","Vanderbilt",4
"Chicago","Vanderbilt",1
"Columbia","Vanderbilt",1
"UPenn","Vanderbilt",1
"Michigan","Vanderbilt",2
"UCLA","Vanderbilt",1
"NYU","Vanderbilt",1
"UC San Diego","Vanderbilt",1
"Duke","Vanderbilt",1
"Wash. U. St. Louis","Vanderbilt",1
"Florida","Vanderbilt",1
"Lower 72 Universities","Vanderbilt",1
"Harvard","George Washington",1
"Yale","George Washington",4
"UC Berkeley","George Washington",1
"Princeton","George Washington",2
"Stanford","George Washington",1
"Columbia","George Washington",2
"Johns Hopkins","George Washington",1
"UPenn","George Washington",2
"Michigan","George Washington",1
"UCLA","George Washington",2
"Northwestern","George Washington",1
"Cornell","George Washington",3
"NYU","George Washington",1
"UC San Diego","George Washington",1
"Washington","George Washington",1
"Maryland","George Washington",1
"Tufts","George Washington",1
"Harvard","UConn",1
"Yale","UConn",2
"UC Berkeley","UConn",2
"Princeton","UConn",1
"Stanford","UConn",1
"Columbia","UConn",3
"Cornell","UConn",1
"Brown","UConn",2
"Duke","UConn",1
"Rutgers","UConn",1
"Indiana","UConn",1
"Michigan State","UConn",1
"Harvard","New Mexico",1
"Yale","New Mexico",1
"UC Berkeley","New Mexico",1
"Chicago","New Mexico",1
"Johns Hopkins","New Mexico",1
"UCLA","New Mexico",2
"UC San Diego","New Mexico",1
"Minnesota","New Mexico",1
"Indiana","New Mexico",1
"Harvard","Ohio State",1
"Yale","Ohio State",5
"UC Berkeley","Ohio State",3
"Princeton","Ohio State",1
"Stanford","Ohio State",1
"Columbia","Ohio State",2
"Johns Hopkins","Ohio State",1
"UPenn","Ohio State",5
"Wisconsin, Madison","Ohio State",2
"Michigan","Ohio State",2
"UCLA","Ohio State",1
"Rochester","Ohio State",1
"Duke","Ohio State",1
"UNC","Ohio State",1
"UT Austin","Ohio State",1
"Indiana","Ohio State",1
"SUNY Stony Brook","Ohio State",2
"UC Santa Barbara","Ohio State",1
"Boston Univ.","Ohio State",1
"Vanderbilt","Ohio State",1
"UConn","Ohio State",1
"Harvard","Georgia",1
"Stanford","Georgia",1
"Columbia","Georgia",2
"Brandeis","Georgia",1
"Johns Hopkins","Georgia",1
"UPenn","Georgia",1
"Wisconsin, Madison","Georgia",1
"UCLA","Georgia",1
"Northwestern","Georgia",1
"Cornell","Georgia",1
"NYU","Georgia",1
"Duke","Georgia",1
"UNC","Georgia",3
"Virginia","Georgia",1
"MIT","Georgia",1
"UC Irvine","Georgia",1
"Harvard","Iowa",1
"UC Berkeley","Iowa",2
"Chicago","Iowa",1
"Wisconsin, Madison","Iowa",5
"Michigan","Iowa",1
"UCLA","Iowa",1
"Illinois, Urb. Champ.","Iowa",1
"Pittsburgh","Iowa",1
"Northern Illinois","Iowa",1
"Harvard","UMass Amherst",2
"Yale","UMass Amherst",1
"Princeton","UMass Amherst",1
"Chicago","UMass Amherst",3
"Johns Hopkins","UMass Amherst",1
"UPenn","UMass Amherst",1
"Wisconsin, Madison","UMass Amherst",1
"Michigan","UMass Amherst",2
"Duke","UMass Amherst",1
"UNC","UMass Amherst",1
"USC","UMass Amherst",1
"Lower 72 Universities","UMass Amherst",1
"UC Berkeley","Northern Illinois",1
"Princeton","Northern Illinois",1
"Wisconsin, Madison","Northern Illinois",2
"Michigan","Northern Illinois",2
"Indiana","Northern Illinois",1
"Illinois, Urb. Champ.","Northern Illinois",3
"Rice","Northern Illinois",1
"Temple","Northern Illinois",1
"LSU","Northern Illinois",1
"Harvard","Miami",1
"Yale","Miami",2
"Princeton","Miami",1
"Stanford","Miami",1
"Chicago","Miami",2
"Columbia","Miami",1
"Brandeis","Miami",1
"UPenn","Miami",1
"UCLA","Miami",2
"Northwestern","Miami",1
"UC Davis","Miami",1
"Lower 72 Universities","Miami",1
"Harvard","Boston College",4
"UC Berkeley","Boston College",1
"Princeton","Boston College",1
"Chicago","Boston College",3
"Columbia","Boston College",2
"Brandeis","Boston College",1
"Northwestern","Boston College",2
"Brown","Boston College",2
"NYU","Boston College",1
"Rutgers","Boston College",1
"UC Santa Barbara","Boston College",1
"Maryland","Boston College",1
"Lower 72 Universities","Boston College",2
"Harvard","Illinois, Chicago",1
"Yale","Illinois, Chicago",1
"UC Berkeley","Illinois, Chicago",1
"Chicago","Illinois, Chicago",2
"Columbia","Illinois, Chicago",3
"UPenn","Illinois, Chicago",1
"Michigan","Illinois, Chicago",1
"Rochester","Illinois, Chicago",1
"NYU","Illinois, Chicago",1
"Rutgers","Illinois, Chicago",1
"Washington","Illinois, Chicago",1
"UC Santa Cruz","Illinois, Chicago",1
"Boston Univ.","Illinois, Chicago",1
"Harvard","Temple",1
"Yale","Temple",1
"Chicago","Temple",6
"Columbia","Temple",1
"UPenn","Temple",2
"Michigan","Temple",1
"Northwestern","Temple",1
"UNC","Temple",1
"Michigan State","Temple",2
"SUNY Binghamton","Temple",1
"Notre Dame","Temple",1
"Boston College","Temple",1
"Lower 72 Universities","Temple",1
"UCLA","Claremont",1
"Cornell","Claremont",1
"UC Riverside","Claremont",1
"UC Berkeley","LSU",2
"Stanford","LSU",1
"Chicago","LSU",3
"Johns Hopkins","LSU",1
"UCLA","LSU",1
"Northwestern","LSU",1
"Rochester","LSU",1
"UNC","LSU",2
"Virginia","LSU",1
"Florida","LSU",1
"Harvard","Kansas",2
"UC Berkeley","Kansas",1
"Princeton","Kansas",2
"Chicago","Kansas",2
"Michigan","Kansas",2
"UCLA","Kansas",1
"Northwestern","Kansas",1
"Minnesota","Kansas",1
"UT Austin","Kansas",1
"Indiana","Kansas",2
"SUNY Buffalo","Kansas",1
"Lower 72 Universities","Kansas",2
"Harvard","Hawaii",1
"UC Berkeley","Hawaii",2
"Princeton","Hawaii",1
"Chicago","Hawaii",1
"Columbia","Hawaii",1
"Brandeis","Hawaii",1
"Johns Hopkins","Hawaii",1
"UCLA","Hawaii",1
"Cornell","Hawaii",1
"NYU","Hawaii",1
"USC","Hawaii",1
"Emory","Hawaii",1
"UC Irvine","Hawaii",2
"Ohio State","Hawaii",1
"Iowa","Hawaii",1
"Yale","Case Western",1
"Stanford","Case Western",1
"Columbia","Case Western",1
"Brandeis","Case Western",2
"Johns Hopkins","Case Western",1
"Wisconsin, Madison","Case Western",1
"MIT","Case Western",1
"Illinois, Chicago","Case Western",1
"Yale","Tulane",2
"Chicago","Tulane",1
"Columbia","Tulane",1
"Brandeis","Tulane",1
"Wisconsin, Madison","Tulane",1
"UCLA","Tulane",3
"Minnesota","Tulane",1
"UT Austin","Tulane",1
"Notre Dame","Tulane",1
"Rice","Tulane",1
"Harvard","Wayne State",2
"Yale","Wayne State",1
"UC Berkeley","Wayne State",1
"Princeton","Wayne State",1
"Columbia","Wayne State",1
"Michigan","Wayne State",1
"UCLA","Wayne State",1
"Cornell","Wayne State",1
"Minnesota","Wayne State",3
"Ohio State","Wayne State",1
"Harvard","Lower 72 Universities",50
"Yale","Lower 72 Universities",47
"UC Berkeley","Lower 72 Universities",43
"Princeton","Lower 72 Universities",29
"Stanford","Lower 72 Universities",17
"Chicago","Lower 72 Universities",41
"Columbia","Lower 72 Universities",52
"Brandeis","Lower 72 Universities",6
"Johns Hopkins","Lower 72 Universities",30
"UPenn","Lower 72 Universities",26
"Wisconsin, Madison","Lower 72 Universities",53
"Michigan","Lower 72 Universities",27
"UCLA","Lower 72 Universities",39
"Northwestern","Lower 72 Universities",10
"Cornell","Lower 72 Universities",13
"Brown","Lower 72 Universities",18
"UC Davis","Lower 72 Universities",6
"Rochester","Lower 72 Universities",2
"NYU","Lower 72 Universities",10
"UC San Diego","Lower 72 Universities",7
"Duke","Lower 72 Universities",14
"Minnesota","Lower 72 Universities",10
"Rutgers","Lower 72 Universities",16
"UNC","Lower 72 Universities",19
"Virginia","Lower 72 Universities",31
"USC","Lower 72 Universities",4
"Washington","Lower 72 Universities",6
"MIT","Lower 72 Universities",2
"UT Austin","Lower 72 Universities",25
"Emory","Lower 72 Universities",16
"Indiana","Lower 72 Universities",20
"SUNY Stony Brook","Lower 72 Universities",2
"Illinois, Urb. Champ.","Lower 72 Universities",15
"Wash. U. St. Louis","Lower 72 Universities",3
"UC Riverside","Lower 72 Universities",4
"Michigan State","Lower 72 Universities",11
"UC Irvine","Lower 72 Universities",4
"UC Santa Barbara","Lower 72 Universities",7
"SUNY Binghamton","Lower 72 Universities",1
"Georgetown","Lower 72 Universities",8
"Arizona","Lower 72 Universities",9
"Maryland","Lower 72 Universities",7
"Catholic Univ. America","Lower 72 Universities",1
"Florida","Lower 72 Universities",7
"Carnegie Mellon","Lower 72 Universities",1
"Pittsburgh","Lower 72 Universities",11
"Tufts","Lower 72 Universities",2
"Notre Dame","Lower 72 Universities",8
"Rice","Lower 72 Universities",6
"SUNY Buffalo","Lower 72 Universities",1
"Boston Univ.","Lower 72 Universities",4
"Vanderbilt","Lower 72 Universities",6
"George Washington","Lower 72 Universities",2
"UConn","Lower 72 Universities",7
"New Mexico","Lower 72 Universities",5
"Ohio State","Lower 72 Universities",18
"Georgia","Lower 72 Universities",9
"Iowa","Lower 72 Universities",7
"UMass Amherst","Lower 72 Universities",3
"Northern Illinois","Lower 72 Universities",3
"Boston College","Lower 72 Universities",4
"Illinois, Chicago","Lower 72 Universities",6
"Temple","Lower 72 Universities",4
"Claremont","Lower 72 Universities",1
"LSU","Lower 72 Universities",6
"Kansas","Lower 72 Universities",8
"Hawaii","Lower 72 Universities",4
"Case Western","Lower 72 Universities",4
"Tulane","Lower 72 Universities",4
"Wayne State","Lower 72 Universities",2
