Beta_Cell1,Beta_Cell2,Beta_Cell3,Beta_Cell4,Beta_Cell5,Beta_Cell6,Beta_Cell7,Beta_Cell8,Beta_Cell9,Beta_Cell10,Beta_Cell11,Beta_Cell12,Beta_Cell13,Beta_Cell14,Delta_Cell1,Delta_Cell2,Delta_Cell3,Delta_Cell4,Delta_Cell5,Delta_Cell6,Delta_Cell7,Delta_Cell8,Delta_Cell9
18727.2542936288,17631.6050420168,12216.1454272864,23104.3896583564,9679.54744525547,16174.0539447067,13847.8,6703.74776119403,6794.09499718943,29136.5,6839.37467700258,7701.05760869565,15124.5287421742,13139.9859055673,9830.26391982183,7435.01022494888,13582.2234891676,6455.87174348697,6418.59787234043,16692.6545105566,11823.4983860555,18726.0593869732,6527.80158730159
18130.0664819945,18186.7338935574,12686.3373313343,22824.2400738689,9825.47566909976,14958.9487525287,12702.320754717,6692.04179104478,6764.98032602586,30753.9545454545,13090.6976744186,7087.21304347826,14991.046670461,13263.6575052854,9671.66035634744,6356.56032719836,13256.3956670468,6439.95591182365,6404.04680851064,16843.5556621881,12175.7288573273,17923.2183908046,6517.58994708995
18948.3213296399,17785.8571428571,12626.832083958,22357.9879963066,9608.04866180049,15557.8772757923,13155.8490566038,6702.58805970149,6780.92299044407,28531.664983165,13356.1757105943,7454.41630434783,14511.1149686966,13291.3136011276,9678.86191536748,6355.06748466258,13251.0809578107,6459.88376753507,6418.37517730496,16851.6429942418,12533.0348612008,17794.1197318008,6534.92857142857
17129.0542936288,17113.2745098039,11537.5442278861,21330.593721145,8206.76399026764,14558.724881996,11197.0226415094,6691.63731343284,6781.38729623384,26564.4107744108,7163.31782945736,7913.63043478261,14388.8212862834,12989.7667371388,9950.18040089087,7226.44580777096,13799.8380843786,6448.15230460922,6400.15744680851,16482.0671785029,12282.1594577147,18815.0086206897,6552.78042328042
17148.291966759,16785.7731092437,11702.820089955,21553.9972299169,8035.19221411192,14750.5981119353,11803.2641509434,6688.86567164179,6810.29679595278,24283.2441077441,6617.42635658915,7794.74456521739,14855.8087649402,12846.4397463002,9954.97550111359,7464.41513292434,14035.6784492588,6474.82164328657,6410.67375886525,16278.084452975,12101.3692704971,19213.3975095785,7315.11375661376
18069.4288088643,17127.5042016807,12470.4962518741,21923.8125577101,8317.82603406326,15504.749157114,11457.6,6645.8671641791,6754.30522765599,25755.4478114478,6657.37467700258,7857.01195652174,14550.56232214,12713.9217758985,9886.59688195991,6629.85889570552,13758.8038768529,6426.63126252505,6363.42553191489,16163.5911708253,12017.9728857327,18903.780651341,6957.05291005291
18572.3135734072,17175.6806722689,12911.1769115442,21467.3684210526,8813.400243309,14608.0168577208,11513.2867924528,6702.25820895522,6787.7616638561,26942.303030303,7010.17829457364,8165.95217391304,14743.5771200911,12991.7399577167,9589.45100222717,6330.70756646217,13470.062713797,6483.36673346693,6428.67163120567,16454.7159309021,12431.6649451259,17813.5909961686,6554.37301587302
18881.6731301939,17347.6694677871,13496.335832084,22738.972299169,8848.27250608273,14484.7383681726,12497.5396226415,6651.63134328358,6758.09162450815,25287.0084175084,11016.5400516796,7635.36195652174,15586.5816733068,12969.1106412967,9714.58017817372,6332.98977505112,13845.0820980616,6444.45290581162,6385.3609929078,16423.6833013436,12369.9018721756,18159.5019157088,6523.79894179894
18575.172299169,17439.7226890756,13616.4482758621,22280.1228070175,8920.21897810219,14968.0748482805,11483.9622641509,6672.94626865672,7136.99887577291,25754.1212121212,9631.76744186047,8666.02173913043,15629.750142288,13166.7477096547,10092.771714922,6355.23108384458,14145.4732041049,6453.07615230461,6411.03404255319,16680.9203454894,12335.2911555842,18377.7375478927,7171.89417989418
20512.9457063712,18173.9383753501,16299.5442278861,24768.4773776547,10090.5693430657,16655.0188806473,12885.358490566,6672.68358208955,7457.6514896009,27882.6094276094,12176.2713178295,7525.43804347826,15571.0256118384,13045.1205073996,10278.3585746102,6337.86707566462,14228.1904218928,6460.55711422846,6411.15815602837,16472.1276391555,12352.1123305358,18223.2011494253,7474.50793650794
19150.7584487535,17132.324929972,14707.8710644678,24045.4164358264,9456.13260340633,15312.4976399191,13205.441509434,6653.82537313433,7601.99100618325,26990.0791245791,6659.17054263566,8361.74021739131,15745.4541832669,13212.162085976,10422.6636971047,6341.25971370143,14337.0798175599,6446.76352705411,6394.79361702128,16576.1285988484,12602.1129761136,18335.80651341,8303.30158730159
19220.9789473684,18070.162464986,15889.0764617691,24029.2797783934,10341.2214111922,15866.291301416,13136.6301886792,6662.48656716418,7382.78471051152,27578.2558922559,6631.72093023256,7171.11195652174,15830.5742743312,13397.1479915433,10449.4766146993,6342.34151329243,14252.9007981756,6433.92184368737,6390.50921985816,16636.396353167,12184.3337637185,17760.1216475096,7482.89153439153
20180.8099722992,17372.5070028011,15384.9325337331,24372.4182825485,11230.2785888078,15527.3432231962,12611.9773584906,6665.85373134328,8384.19449128724,26498.7255892256,13494.5426356589,6806.44347826087,15187.2094479226,13382.5313601128,10519.3218262806,6893.18404907975,14501.5233751425,6416.75751503006,6402.42553191489,16780.1785028791,11954.1407359587,18442.1130268199,8564.16666666667
19822.3396121884,16897.7030812325,15222.2023988006,23613.3120960295,10604.8187347932,14911.8267026298,11691.4264150943,6690.31791044776,8905.86340640809,27206.968013468,7721.52454780362,7117.87717391304,15966.1946499715,13238.7082452431,10599.3106904232,7922.32924335378,14896.4059293044,6480.92184368737,6416.21914893617,16781.207293666,12077.4092963202,19049.9415708812,9027.40476190476
19108.5141274238,16596.056022409,14860.203898051,24181.5383194829,10309.2226277372,14416.9062710722,12608.9849056604,6698.72388059701,8724.40753232153,22976.7575757576,6656.46511627907,7627.73369565217,14881.8161639158,12896.2241014799,10417.793986637,7743.16768916155,14575.8905359179,6455.57314629259,6407.43546099291,16329.7399232246,11836.1872175597,18515.6647509579,8502.11375661376
19134.8011080332,16839.0784313725,16226.9445277361,23934.9289012004,10519.0170316302,15253.8819959541,12979.0566037736,6666.61343283582,8489.24339516582,21208.2441077441,11550.1188630491,7271.94891304348,14525.1457029027,12787.9908386187,10416.1603563474,7139.72597137014,13908.2919042189,6422.15831663327,6397.45177304965,16145.0777351248,11811.4351194319,18239.1034482759,8116.38888888889
17693.4260387812,15134.2605042017,14533.5832083958,22429.9898430286,8784.39172749392,13262.9089683075,11260.1433962264,6636.87014925373,8928.19392917369,19370.7222222222,7234.54263565892,7113.10217391304,13609.733636881,12342.4869626498,10345.7583518931,7834.94887525562,14049.6248574686,6441.13627254509,6382.4865248227,15618.2130518234,11951.5752098128,18528.8409961686,8492.01322751323
18072.0869806094,15467.0700280112,15224.5157421289,23215.945521699,9838.71654501216,14372.7140930546,12234.8490566038,6656.7223880597,8529.12478920742,21019.3771043771,11622.7157622739,7832.09347826087,13885.4735344337,12368.4453840733,9991.27171492205,7019.06952965235,13591.0820980616,6416.49699398798,6389.63262411347,15557.2216890595,11492.4654615881,18235.2672413793,7533.54232804233
17166.2487534626,15246.1596638655,14914.1934032983,21797.6629732225,8948.8698296837,12998.3263654754,11081.2264150943,6682.74626865672,8723.63181562676,19276.9865319865,6619.95865633075,6927.85217391304,13137.1923733637,12293.0782241015,9642.70267260579,6930.51329243354,13745.5895096921,6428.13627254509,6407.40212765957,15488.2802303263,11429.4402840542,17979.8965517241,7951.87301587302
17150.2952908587,15296.350140056,15101.1244377811,20919.6500461681,9214.27615571776,12723.3425488874,11021.0301886792,6669.68507462687,8672.98538504778,18386.0033670034,6641.67441860465,7223.36304347826,14079.9208878771,12114.540521494,9259.59799554566,6333.45807770961,13734.7354618016,6434.82965931864,6393.71985815603,15190.9740882917,11217.6249193028,17452.0344827586,7526.80687830688
18181.795567867,15415.781512605,15285.7406296852,21352.86611265,9583.66180048662,12319.1436277815,10255.9924528302,6655.92835820896,9054.62956717257,16316.9242424242,6595.16020671835,7898.2152173913,13349.8070574843,12010.5905567301,9326.36080178174,6862.47034764826,13693.8209806157,6413.55511022044,6380.64326241135,15102.5527831094,11027.4396384764,17425.2490421456,7798.78042328042
17666.4531855956,14944.2941176471,16453.5637181409,21137.4921514312,7794.36618004866,13281.910991234,10934.0716981132,6626.97164179104,9156.98875772906,18969.3164983165,6627.65633074935,6750.5597826087,13837.4797951053,12028.5221987315,9437.3140311804,6861.26584867076,13800.1949828962,6424.26452905812,6386.08865248227,15118.3502879079,11025.7953518399,17348.9865900383,7842.81216931217
17353.096398892,14728.8991596639,15832.2623688156,21124.8467220683,8529.93309002433,12727.3162508429,11089.7094339623,6618.20149253731,9017.37549184935,17356.2441077441,8423.63049095607,6656.33913043478,13261.5139442231,11973.9718111346,9475.43875278396,6546.65644171779,13485.677309008,6407.92585170341,6362.28156028369,15041.8080614203,11090.3783085862,17333.1609195402,8165.85978835979
17946.0709141274,14606.406162465,15846.059970015,21534.3056325023,7871.38199513382,12926.3560350641,10639.8943396226,6630.94626865672,9349.61270376616,16356.1734006734,10920.8372093023,6648.09565217391,13274.7529880478,11979.4129668781,9468.18819599109,7381.93865030675,13831.7217787913,6403.68136272545,6371.21134751773,15104.4213051823,11156.7934151065,17364.0670498084,8884.39417989418
17221.0088642659,14324.1904761905,15196.8515742129,21015.0637119114,8101.62652068126,13822.3283884019,11552.9924528302,6657.03731343284,9651.88926363125,15761.734006734,7407.165374677,6691.14673913043,13463.0961866818,12032.8062015504,9460.43207126949,8171.12883435583,14134.9680729761,6422.37675350701,6378.02765957447,15160.5623800384,11139.9948353777,17079.3687739464,9003.71957671958
17382.0127423823,14802.8319327731,15511.1034482759,22053.0461680517,8595.83090024331,13419.2811867835,11797.5962264151,6674.1223880597,9729.69364811692,16150.861952862,10782.8759689922,6640.55326086956,12901.2094479226,12014.5468639887,9523.77951002227,8637.31901840491,13963.472063854,6429.82565130261,6402.99858156028,15153.7811900192,10982.2989025178,16986.1992337165,9659.2328042328
16506.6476454294,14652.0616246499,15758.1214392804,21964.3665743306,9104.35401459854,13449.5488873904,11330.5283018868,6638.4552238806,9649.73693086003,14791.1717171717,7519.37209302326,6622.6402173913,12393.2561183836,11899.4622973925,9617.38864142539,8314.91615541922,13600.6385404789,6428.28056112224,6376.55460992908,14943.8618042226,10982.6307295029,16624.9195402299,9158.9126984127
15943.8293628809,14241.0336134454,15689.4167916042,21684.3970452447,7901.1204379562,13493.7444369521,11515.8867924528,6631.92388059702,9138.99831365936,15683.2424242424,7672.58397932817,6655.50652173913,13246.4593056346,11676.1966173362,9514.73608017817,7011.50920245399,12873.9201824401,6392.33466933868,6374.00283687943,14669.6084452975,10735.2169141382,16319.8649425287,8865.99735449735
16754.4476454294,14581.5490196078,17050.1019490255,21590.0193905817,7981.38686131387,12825.1672285907,11461.8679245283,6687.09253731343,9250.84485666105,15934.9494949495,11542.3746770026,6644.2402173913,13318.4456459875,11818.2776603242,9495.02338530067,7054.8200408998,13163.669327252,6444.80761523046,6411.60709219858,14745.9357005758,10790.5610071014,16505.9252873563,9483.42857142857
16234.324099723,14010.106442577,15511.203898051,20877.1061865189,8114.6301703163,10974.4538098449,10104.0075471698,6645.20597014925,9496.12197863969,14900.5303030303,6622.76227390181,6858.76739130435,13206.2760387023,11767.5673009161,9449.79621380846,7629.80163599182,13172.3078677309,6415.50701402806,6398.9390070922,14638.7821497121,10674.3983214977,16454.9319923372,9915.30158730159
15858.0121883657,14513.4285714286,16253.7016491754,20752.6269621422,7117.64476885645,11467.2933243425,10610.7018867925,6693.58507462687,9775.53513209668,17577.6885521886,7472.25322997416,6938.04565217391,13012.7666476949,11782.9069767442,9359.35077951002,8590.89775051125,13498.4652223489,6444.14428857715,6429.40992907801,14748.5009596929,10692.7378954164,16505.8247126437,9914.1164021164
16605.8703601108,13867.9635854342,15930.6536731634,21517.8938134811,8601.48661800487,11974.3755900202,11088.7396226415,6634.13582089552,10104.5480607083,14117.5437710438,9846.42894056848,6660.94891304348,12573.2532726238,11907.8019732206,9453.46881959911,9343.54396728016,14040.6898517674,6412.0380761523,6377.84042553191,14924.2303262956,10986.5183989671,16698.4042145594,9801.25396825397
16611.9905817175,14015.3753501401,16519.3058470765,22377.7996306556,7225.05352798054,12481.0350640593,11796.3396226415,6664.03731343284,9900.37549184935,15611.4831649832,8732.17054263566,7044.075,13402.8059191804,12038.8780831572,9616.85968819599,8377.74028629857,13822.645381984,6440.97394789579,6409.01843971631,14969.3848368522,11142.1316978696,16637.0277777778,9766.40211640212
17506.7130193906,14672.0392156863,17360.3538230885,22296.7192982456,8493.95133819951,12872.8071476736,11954.3132075472,6654.34925373134,10048.2833052277,14591.0471380471,6662.53746770026,6739.44673913044,12648.6141149687,12069.4820295983,9600.04120267261,9166.8118609407,14162.6761687571,6430.17434869739,6401.35602836879,15030.1170825336,11157.8469980633,16573.9904214559,9386.72751322751
16922.1994459834,14162.5070028011,16706.6326836582,21697.6879039705,7004.92944038929,12862.6075522589,11419.5509433962,6684.14328358209,10129.3743676223,15399.9915824916,10455.5400516796,7231.19130434783,13573.9328400683,11844.2684989429,9363.28062360802,10732.773006135,14769.4811858609,6433.86973947896,6415.36595744681,14930.5671785029,11039.1568754035,16708.6829501916,9016.79894179894
15548.1789473684,13730.218487395,16630.6296851574,21900.3379501385,7131.59610705596,12840.8900876601,11702.7018867925,6669.46417910448,9828.83979763912,14246.537037037,11417.8527131783,6861.87608695652,12769.6516789983,12028.2938689218,9366.00445434298,9450.39877300613,14209.8278221209,6426.18236472946,6409.56524822695,15043.3627639155,11145.8244028405,16696.3572796935,9023.31216931217
14340.5252077562,13846.9495798319,15306.1724137931,22136.054478301,7574.22262773723,13110.1726230614,12388.6,6689.08955223881,9599.51602023609,14150.0202020202,6681.40568475452,6786.97608695652,13347.2709163347,11987.3798449612,9296.88864142539,9041.81595092025,13749.9224629418,6422.7995991984,6425.22482269504,14882.3416506718,11116.9993544222,16549.4607279693,8709.76984126984
15744.956232687,13649.3025210084,15066.6941529235,21832.7340720222,8251.53284671533,11753.5205664194,12031.0754716981,6691.03731343284,9177.62338392355,10789.1632996633,6687.27906976744,6967.49347826087,12949.4473534434,11573.2656800564,9352.66926503341,7802.28220858896,12913.2246294185,6446.90981963928,6441.9695035461,14246.1026871401,10560.226597805,16182.4281609195,8665.6164021164
16214.8421052632,14060.1596638655,15826.5592203898,20958.4949215143,7572.32238442822,12106.906945381,12206.0301886792,6683.78955223881,9518.97695334458,13064.0084175084,6680.41860465116,6688.06847826087,11437.4558907228,11389.5553206483,9087.39309576837,9397.15950920245,13247.5176738883,6475.73346693387,6432.05319148936,14186.0278310941,10371.9961265332,16131.4090038314,8844.06613756614
14328.4459833795,12663.0364145658,14307.7766116942,19436.891966759,6749.38807785888,11758.1072151045,10714.5924528302,6700.37462686567,9389.76391231029,11911.5707070707,6664.04651162791,6665.70760869565,11683.4854866249,11498.6095842142,8824.7995545657,9805.73210633947,13253.9657924743,6463.28056112224,6435.38865248227,14321.7591170825,10278.8192382182,15730.6331417625,8181.18518518519
14060.0171745152,12437.4789915966,14566.5127436282,18532.6518928901,6426.58637469586,11846.6271072151,10454.1245283019,6677.24776119403,9480.14109050028,13065.9377104377,9875.31007751938,6671.03804347826,11768.0859419465,11212.4827343199,8374.44988864143,10479.7341513292,13267.9680729761,6449.4368737475,6423.24964539007,14090.1833013436,10117.686249193,15338.4808429119,7638.0873015873
13733.9739612188,12017.2016806723,14468.5922038981,17995.025854109,6447.32360097324,10429.1105866487,9650.84905660377,6663.84328358209,8902.62956717257,11870.4124579125,9203.17312661499,6642.03369565217,11710.1826977803,11111.8780831572,8616.63251670379,8311.38036809816,12403.69327252,6464.02404809619,6413.74397163121,13760.0518234165,9836.44867656553,15239.3074712644,7779.82804232804
13682.3412742382,12486.9495798319,14604.0464767616,17930.5521698984,6423.35888077859,11722.5360755226,10492.0037735849,6664.65074626866,9224.14333895447,9932.54545454545,6648.37467700258,6650.58804347826,10997.1912350598,10947.6758280479,8366.54677060134,9093.44785276074,12794.2964652223,6439.26653306613,6407.78865248227,13651.3483685221,9884.03227888961,14980.2078544061,7326.65079365079
14069.0149584488,12014.0476190476,14357.8770614693,18359.5771006464,6425.79318734793,10999.8287255563,9534.59245283019,6679.98507462687,9390.27431141091,9826.25084175084,8020.27131782946,6649.01304347826,11156.9157655094,10560.6412966878,8035.35968819599,10666.0081799591,13237.3295324971,6443.02004008016,6404.68085106383,13393.7005758157,9796.78566817302,14604.9760536398,7190.65608465608
13631.2997229917,11907.3333333333,14661.3628185907,18160.6731301939,6438.10340632603,11909.7673634525,10626.7169811321,6674.58208955224,9044.93479482856,9666.41919191919,6640.12144702842,6657.35869565217,11160.4911781446,10699.1550387597,8485.73162583519,8797.8527607362,12579.9429874572,6452.51903807615,6411.24964539007,13351.6314779271,9779.97740477728,14756.1829501916,7470.28835978836
14718.5191135734,12641.5546218487,15418.11994003,18861.02677747,6543.71776155718,11572.2110586649,10809.8188679245,6668.09402985075,9085.44238336144,10757.7087542088,9965.28940568475,6673.65543478261,11931.8582811611,10738.3284002819,8635.5556792873,8122.45603271984,12413.0205245154,6432.03006012024,6426.87021276596,13258.0038387716,9568.45513234345,14849.3084291188,7728.5873015873
14065.1878116343,11757.1260504202,14611.7796101949,18359.5558633426,6433.78223844282,10645.230613621,10002.6339622642,6691.83582089552,9265.26812816189,10282.2424242424,6665.6511627907,6681.68043478261,11634.4945930563,10688.4334038055,8662.01670378619,8490.06134969325,12808.6750285063,6471.62324649299,6428.53475177305,13311.9424184261,9615.38153647514,14964.2346743295,7824.31481481481
13629.5534626039,12376.8487394958,14830.5847076462,19007.3536472761,6458.24209245742,11003.4625758597,10016.6301886792,6661.24776119403,9300.24901630129,9534.61447811448,7702.46253229974,6664.30434782609,10936.7046101309,10552.6300211416,8341.54231625835,8141.96523517382,12646.8415051311,6449.6873747495,6408.76453900709,13122.5825335893,9567.42543576501,14853.7318007663,7544.2671957672
14119.708033241,11919.0532212885,14124.6701649175,18510.1597414589,6447.99756690998,11081.194200944,9536.36226415094,6688.65074626866,9212.34345137718,10259.1548821549,8757.36950904393,6670.87717391304,11698.0204894707,10253.9802677942,8085.14587973274,8172.80572597137,12491.2371721779,6450.76553106212,6418.87446808511,12898.0441458733,9585.03034215623,14515.841954023,7174.26984126984
13443.6227146814,11720.5154061625,14062.3583208396,17530.0332409972,6463.81143552311,10775.1220498989,11735.8830188679,6690.05671641791,9143.32321528949,10306.7929292929,8976.27906976744,6674.63695652174,10990.9607285145,10240.4467935166,8217.21380846325,8559.45194274029,12587.1140250855,6430.84168336673,6425.89645390071,12905.3291746641,9573.00258231117,14430.1369731801,7097.19576719577
13691.3307479224,11096.5910364146,14324.6551724138,16884.3896583564,6423.60827250608,9493.87727579231,10573.5094339623,6666.21492537313,9044.08712759977,9317.0101010101,8409.68992248062,6648.99782608696,12365.952760387,10330.6279069767,7844.89977728285,9596.94887525562,12412.0228050171,6446.35270541082,6404.39574468085,12980.7428023033,9523.63589412524,14109.1293103448,6735.56878306878
14423.6764542936,11723.487394958,15079.6236881559,16970.5512465374,6436.55596107056,9835.79366149697,10085.479245283,6678.81492537313,9141.36987071388,8577.73400673401,6650.71834625323,6665.53586956522,11622.1946499715,10258.1035940803,7701.25723830735,10514.7914110429,12736.3956670468,6432.77354709419,6425.94326241135,12958.2111324376,9527.50742414461,13842.4511494253,6512.2037037037
14010.9650969529,11317.593837535,15019.0704647676,17165.7377654663,6420.91119221411,10538.8556979096,9827.09056603774,6663.63432835821,9047.95671725689,9186.94107744108,6648.24031007752,6664.44673913044,11430.4923164485,10338.3058491896,7971.53006681514,8900.98977505112,11966.4652223489,6434.68136272545,6426.91489361702,12835.0998080614,9558.7462879277,14080.2863984674,6576.61904761905
13401.1833795014,11123.3557422969,14662.0344827586,16897.7239150508,6424.7798053528,10490.850303439,9377.35471698113,6656.57462686567,9104.02473299607,9352.27609427609,7394.65891472868,6640.13152173913,11815.7854297097,10255.8576462297,7885.32962138085,10351.4867075665,12466.6556442417,6455.53907815631,6408.18014184397,12849.9884836852,9579.85151710781,13953.2432950192,6528.0582010582
14197.0930747922,11817.9551820728,14983.4407796102,18569.4367497692,7076.02798053528,10812.0869858395,10614.7622641509,6661.34328358209,8836.77740303541,8310.25420875421,6638.52713178295,6661.0847826087,11262.5321570859,10307.754756871,8249.76837416481,8114.12065439673,12181.8118586089,6434.69739478958,6392.55177304965,12676.4232245681,9345.34473854099,14188.4971264368,6499.8544973545
14600.0155124654,11946.7142857143,14978.6506746627,17992.6241920591,6435.26277372263,10377.4356035064,10286.0150943396,6659.85820895522,8930.09612141653,7776.90235690236,6647.17829457364,6656.08695652174,11345.8804780876,10523.3594080338,8340.17817371938,9322.28220858896,12764.9965792474,6467.57114228457,6403.09858156028,13042.9721689059,9388.02324080052,14113.4588122605,6519.07671957672
13072.6498614958,10535.4957983193,14288.2143928036,16123.4016620499,6402.66301703163,9479.72151045179,10231.7056603774,6655.60149253731,8644.49409780776,8940.89057239057,7814.14728682171,6636.03695652174,10683.389869095,10297.5877378436,8353.13919821826,8827.57464212679,12515.6054732041,6432.53907815631,6417.62269503546,12591.1161228407,9155.26081342802,13993.0756704981,6529.3544973545
13448.163434903,10775.268907563,14593.3313343328,16826.5189289012,6448.46472019465,9651.46999325691,9933.27547169811,6668.98656716418,8822.78695896571,9481.00505050505,6612.35142118863,6650.4347826087,11302.0364257257,10151.5553206483,7927.20267260579,10619.6850715746,13034.3603192702,6418.48897795591,6400.05390070922,12642.5249520154,9214.2627501614,13765.5210727969,6515.28571428571
13785.4797783934,10034.0616246499,14759.0044977511,15416.5383194829,6438.09245742092,9245.94538098449,10659.9622641509,6667.85970149254,8755.72287802136,9178.3468013468,6630.21447028424,7302.34891304348,10647.0347182698,10096.9140239605,7936.37973273942,9876.24539877301,12615.7377423033,6434.26853707415,6429.90638297872,12347.9280230326,9109.35054874112,13756.561302682,6507.07671957672
14463.6903047091,10656.731092437,14902.8215892054,16386.5253924284,6425.53527980535,10673.5873229939,11156.641509434,6692.38358208955,8763.70432827431,8178.97474747475,6654.2480620155,6682.85326086957,10367.187250996,10128.4334038055,7787.74610244989,9861.94069529652,12707.3557582668,6448.29258517034,6432.99078014184,12396.4798464491,9156.09360877986,13700.408045977,6514.16666666667
15068.312465374,10364.5910364146,15040.5577211394,16063.8134810711,6447.36739659367,9875.85637221848,10112.3283018868,6664.36865671642,8535.54243957279,7550.0404040404,6673.54780361757,6681.18804347826,10299.656232214,9927.32205778717,7609.48663697105,9733.37627811861,12569.6738882554,6451.25250501002,6413.47092198582,12320.6928982726,9070.29954809555,13252.0555555556,6542.42857142857
12905.0315789474,9554.26890756303,14008.6566716642,15076.3767313019,6447.83454987835,9002.29399865138,8906.57358490566,6654.51044776119,8463.43788645306,7991.28114478114,7472.28682170543,6652.42065217391,10238.0113830393,9820.43410852713,7630.09799554566,8473.0327198364,12245.3181299886,6451.99799599198,6421.53758865248,12042.8848368522,8947.32020658489,13294.1312260536,6560.62962962963
12430.3130193906,9147.13445378151,13487.796101949,14360.7433056325,6435.72749391727,8345.63991908294,8366.92075471698,6669.24776119403,8278.83192804947,6707.65656565657,6680.0,6699.49130434783,10115.31303358,9545.42776603242,7405.82962138085,8123.18200408998,12060.2371721779,6437.30661322645,6410.39361702128,11766.6353166987,8770.06262104584,13129.6130268199,6541.39682539683
12446.8476454294,8779.48459383753,13717.5952023988,14613.0932594645,6432.36861313869,9168.7923128793,9772.67924528302,6648.3223880597,8025.38336143901,6742.83501683502,6645.74677002584,6657.04239130435,10095.0142287991,9507.96899224806,7245.35857461025,7127.39877300614,11508.4823261117,6451.85170340681,6409.87659574468,11543.8579654511,8601.78889606197,12925.8295019157,6563.06084656085
11350.2038781163,8345.10084033613,13390.8605697151,13770.4570637119,6426.79927007299,9135.07687120701,9401.4,6671.55223880597,7877.44294547499,7851.56228956229,6617.24289405685,6634.38804347826,10315.2384746727,9385.42353770261,6736.80066815145,8299.22290388548,11655.8437856328,6430.32665330661,6421.90425531915,11571.0595009597,8534.01484828922,12532.3946360153,6528.4417989418
11464.5263157895,8574.89355742297,12718.7856071964,12655.1117266851,6461.2700729927,8154.38975050573,9299.48679245283,6623.63432835821,7779.59921304103,7201.70202020202,6619.47803617571,6662.36304347826,9284.25213431986,9400.32346723044,6548.21826280624,9360.97137014315,11945.7730900798,6410.61723446894,6384.61418439716,11615.9270633397,8485.63718528083,12391.280651341,6516.1455026455
11977.0986149584,8877.87394957983,12908.3763118441,13884.3961218837,6452.88929440389,8997.45583277141,9869.4641509434,6669.15223880597,7625.41933670601,6701.82154882155,6641.01033591731,6664.7,9560.83096186682,9378.06553911205,6442.29732739421,9562.67075664622,11817.4743443558,6447.41883767535,6409.52340425532,11530.4184261036,8401.64299548096,12256.8994252874,6507.3835978836
11685.0210526316,8633.98039215686,13152.4137931034,13733.757156048,6422.62165450122,8327.42953472691,9519.75094339623,6655.75223880597,7573.68915120854,6689.4696969697,6625.40051679587,6646.18260869565,9111.90381331816,9429.28964059197,6619.25723830735,9410.88957055215,11644.2554161916,6458.32264529058,6426.39787234043,11437.8253358925,8221.42285345384,12265.9204980843,6533.2962962963
11148.4443213296,7823.3081232493,13216.5697151424,13922.7082179132,6471.26642335766,8916.28523263655,9356.96226415094,6626.6,7435.83361439011,6667.15656565657,6615.34625322997,6650.18369565217,9372.30961866819,9507.20648343904,6625.24276169265,9739.78936605317,11873.1174458381,6418.49498997996,6396.15177304965,11657.7178502879,8250.06778566817,12073.8189655172,6525.34656084656
11707.8088642659,8115.92717086835,13215.4692653673,13623.2954755309,6411.70681265207,8530.07080242751,8756.16603773585,6643.85820895522,7404.44238336144,6648.52525252525,6600.39793281654,6629.14347826087,9513.27091633466,9378.26920366455,6524.34187082405,9468.21063394683,11821.0387685291,6454.13426853707,6435.32836879433,11343.5969289827,8152.10845706908,12044.5067049808,6511.69312169312
11226.9711911357,7189.59663865546,12910.8305847076,13263.6528162512,6427.37347931874,8676.14565070802,9480.44905660377,6656.48507462687,7367.66722878021,6631.49158249158,6576.60723514212,6618.4152173913,9426.61240751281,9417.2015503876,6335.33741648107,9966.41308793456,11929.9384264538,6424.93987975952,6419.68581560284,11444.1209213052,8241.47320852163,12015.933908046,6480.52380952381
11262.2393351801,7391.29411764706,13223.3193403298,13270.2317636196,6438.24939172749,9142.06473364801,9451.27924528302,6646.17462686567,7252.2849915683,6696.21885521886,6646.20930232558,6662.68695652174,8743.06317586796,9094.37420718816,6313.26948775056,10264.8425357873,12081.6659064994,6418.78957915832,6406.73617021277,11019.2495201536,8176.40542285345,11605.8362068966,6464.93121693122
11320.5988919668,7585.78991596639,12543.5187406297,13268.297322253,6438.25060827251,7906.61766689144,8911.50943396226,6672.7552238806,7138.01517706577,6655.50168350168,6601.73126614987,6640.49130434783,8720.29652817302,9008.68851303735,6333.1859688196,10041.4764826176,12170.7331812999,6451.71743486974,6422.55744680851,11009.2562380038,7976.6061975468,11580.6618773946,6534.00793650794
10904.2559556787,6968.44257703081,12771.9895052474,12763.6528162512,6457.33941605839,8129.44706675657,9034.12830188679,6650.03134328358,7158.47723440135,6696.58754208754,6645.98708010336,6675.14130434783,9232.83266932271,8906.318534179,6326.0868596882,9508.56646216769,12022.7730900798,6424.78356713427,6398.59078014184,10833.1247600768,7939.23628147192,11625.8659003831,6483.66137566138
11635.7102493075,7310.53221288515,13941.0974512744,13324.7211449677,6446.43673965937,8055.84221173297,10140.3924528302,6680.84328358209,7272.3569421023,6705.94781144781,6644.01033591731,6668.68804347826,9081.9015367103,8837.96053558844,6319.5,7887.98159509202,11759.8301026226,6452.29659318637,6433.4170212766,10525.4193857965,7538.69786959329,12123.9310344828,6529.87566137566
11378.9052631579,6991.72268907563,14450.6836581709,12532.3961218837,6474.48053527981,8539.93189480782,9708.00377358491,6649.21791044776,7241.03091624508,6707.42929292929,6669.59431524548,6671.19347826087,9343.7797381901,8931.21846370684,6333.62360801782,8601.52965235174,12133.4652223489,6448.91382765531,6412.4475177305,10726.5479846449,7515.0490639122,11980.6896551724,6523.43650793651
11362.0592797784,6841.74789915966,14081.8245877061,12948.6241920591,6466.11678832117,8093.17599460553,9871.9358490566,6681.98358208955,7260.93929173693,6695.70033670034,6628.73643410853,6654.58913043478,9576.04667046101,8978.76250880902,6338.99443207127,8984.86707566462,12320.5324971494,6468.4368737475,6436.73191489362,10790.8253358925,7625.03938024532,12097.132183908,6555.5
12367.4033240997,8709.59383753501,13559.2533733133,13072.5337026777,6445.21776155718,7778.49224544842,8980.92830188679,6672.91641791045,7260.98482293423,6721.79124579125,6646.8992248062,6682.46413043478,9657.28571428571,8806.41649048626,6319.51224944321,8952.64212678937,12268.3090079818,6437.05210420842,6430.32269503546,10589.4289827255,7691.67656552615,12135.2049808429,6527.5
11850.2121883657,7335.03641456583,13666.0899550225,12594.9473684211,6440.17639902676,7912.29804450438,9814.18113207547,6695.04626865672,7118.84935356942,6674.77777777778,6637.42894056848,6681.3347826087,8924.66306203756,8905.8851303735,6338.8864142539,9041.85889570552,12414.015963512,6458.91583166333,6443.83475177305,10753.8944337812,7631.41639767592,12092.6963601533,6539.54497354497
12067.2476454294,7488.59383753501,13514.5742128936,12774.5927977839,6445.13381995134,7772.24814565071,8498.85283018868,6666.07611940298,7144.01573917931,6685.48148148148,6629.70801033592,6668.70760869565,9356.94934547524,8893.09513742072,6318.9008908686,9650.23108384458,12576.0330672748,6435.7875751503,6440.34964539007,10794.2015355086,7658.26856036152,12119.7011494253,6521.03968253968
12081.8066481994,7944.42857142857,13720.6611694153,12635.5078485688,6417.17153284672,7669.91436277815,9299.5320754717,6680.32089552239,7169.41877459247,6674.76936026936,6628.15762273902,6658.88260869565,8954.91747296528,8962.22128259337,6345.78841870824,9245.30674846626,12530.4047890536,6447.70340681363,6447.90354609929,10748.0998080614,7536.40735958683,12093.2825670498,6516.56613756614
11403.3545706371,6580.41736694678,14029.3493253373,12457.0433979686,6437.96472019465,8026.84221173297,9277.78867924528,6653.82388059701,6964.59865092749,6673.13131313131,6633.28165374677,6672.42717391304,9183.6311895276,8800.16349541931,6342.22048997773,8767.25562372188,12219.9771949829,6457.25450901804,6428.6,10501.8550863724,7412.98063266624,12020.9885057471,6530.88095238095
11314.7301939058,7597.60784313726,12781.6551724138,12417.134810711,6453.88686131387,7561.2117329737,8564.6679245283,6658.3223880597,6958.44350758853,6682.08249158249,6631.4315245478,6670.56739130435,9206.95048377917,8793.55954897815,6329.45434298441,7998.70552147239,12208.0034207526,6444.27254509018,6414.95390070922,10466.9520153551,7332.32085216269,12195.3888888889,6524.56613756614
10470.4770083102,6807.48459383753,12152.5622188906,11615.8605724838,6438.24087591241,7120.4254888739,9054.05660377358,6644.40597014925,6809.41765036537,6706.07912457912,6655.33850129199,6696.06630434783,7963.88958451907,8603.09302325581,6314.86859688196,7677.03680981595,12102.1220068415,6426.06412825651,6401.32411347518,10214.5460652591,7216.15300193673,12029.3208812261,6525.66137566138
9753.94459833795,6561.60504201681,11794.2668665667,11714.2253000923,6449.85158150852,6819.38840188806,7724.68301886792,6669.78059701493,6810.34682405846,6713.95117845118,6678.4315245478,6724.4902173913,8438.66761525327,8494.52149400987,6354.11692650334,8398.69529652352,12284.1368301026,6448.99398797595,6423.29574468085,10192.8819577735,7157.15752098128,11728.1072796935,6545.40211640212
9742.47645429363,6603.07843137255,11844.7331334333,11728.6241920591,6475.99878345499,6841.06203641268,7950.84905660377,6630.18805970149,6818.57448004497,6680.9898989899,6628.69250645995,6680.85,7931.05805350028,8194.29386892178,6343.61024498886,8188.98773006135,11918.0136830103,6443.56112224449,6417.12269503546,9809.53166986564,6954.49903163331,11272.785440613,6559.57671957672
11310.8581717452,7140.19887955182,13160.2203898051,11416.8947368421,6448.58637469586,6797.95077545516,8001.32830188679,6684.5223880597,6783.56098931984,6676.15993265993,6621.66666666667,6664.03152173913,8023.84120660216,7959.25933756166,6336.69042316258,7317.8691206544,11464.4036488027,6487.0120240481,6440.16595744681,9420.8330134357,6618.5242091672,11313.3390804598,6530.59259259259
9741.53573407202,6556.35854341737,11920.5712143928,10892.6823638042,6436.27858880779,6776.2258934592,8104.6641509434,6649.76865671642,6780.01236649803,6700.20033670034,6645.67441860465,6709.77826086957,8273.97894137735,8023.8386187456,6332.88530066815,8284.24948875256,11797.8198403649,6431.81563126253,6410.99716312057,9633.45585412668,6641.30277598451,11036.0268199234,6525.55555555556
10355.1373961219,6864.03361344538,11542.6551724138,10893.404432133,6463.49756690998,6460.50370869858,7107.27547169811,6647.55970149254,6795.70770095559,6709.41582491582,6665.7338501292,6733.01956521739,7279.68241320433,7964.50246652572,6347.67037861915,7909.67280163599,11792.8335233751,6438.22845691383,6411.61276595745,9464.59500959693,6510.6720464816,11084.3438697318,6539.39417989418
9829.80609418283,6525.47058823529,11711.0524737631,10914.757156048,6417.49391727494,6411.96358732299,7682.24528301887,6685.98805970149,6813.97133220911,6681.69528619529,6635.91214470284,6687.38695652174,7848.6141149687,8027.62438336857,6346.01559020045,8460.33537832311,11896.3078677309,6446.48496993988,6451.76382978723,9652.12188099808,6677.69205939316,10898.3888888889,6547.99735449735
9517.36897506925,6550.03361344538,11453.4317841079,10298.5909510619,6445.71167883212,6467.76264329063,7736.35849056604,6648.08059701492,6785.35300730748,6702.59259259259,6648.04134366925,6693.91739130435,7615.34433693796,8057.09513742072,6326.66258351893,8630.44376278119,11908.1094640821,6444.11823647295,6413.04326241135,9718.89443378119,6830.07165913493,10980.6331417625,6533.16137566138
9618.03601108033,6575.42016806723,11713.6251874063,9931.93998153278,6454.40754257908,6540.73634524612,8216.87169811321,6657.3223880597,6797.26869027544,6720.31144781145,6671.05167958656,6723.36739130435,7800.3733636881,7858.8407329105,6336.42204899777,7945.20040899795,11593.1014823261,6445.39278557114,6416.29645390071,9404.81190019194,6609.2375726275,10960.8975095785,6536.39682539683
9667.13739612188,6589.10084033613,12020.6461769115,9721.22991689751,6486.31630170316,6469.69588671612,7625.44528301887,6690.45074626866,6821.37717818999,6704.31818181818,6664.8811369509,6698.60108695652,7154.00796812749,7781.20577871741,6356.285077951,7402.46625766871,11323.7685290764,6444.36472945892,6448.09787234043,9274.55086372361,6517.25112976114,10898.3524904215,6567.02380952381
9680.04210526316,6610.43697478992,12071.3823088456,9688.32686980609,6473.4598540146,6482.7882670263,8886.79245283019,6682.75671641791,6806.9078133783,6742.07239057239,6691.47545219638,6728.0152173913,7722.56516789983,7746.20859760395,6357.19710467706,7994.82208588957,11493.7879133409,6479.69138276553,6453.19716312057,9317.18905950096,6681.71723692705,10687.8352490421,6558.04761904762
9602.79889196676,6595.28571428571,12076.7661169415,9820.80332409972,6482.31386861314,6452.66486850978,7956.79245283019,6714.75074626866,6842.19055649241,6722.1936026936,6681.40568475452,6721.3652173913,7489.78827546955,7466.68851303735,6365.36859688196,6841.84253578732,11007.8643101482,6510.97795591182,6470.44468085106,8779.96065259117,6546.15687540349,10808.6283524904,6587.05026455026
9678.83822714681,6581.36414565826,11760.8140929535,9725.52816251154,6458.26520681265,6447.32906271072,7523.16226415094,6700.24179104478,6826.12647554806,6697.8569023569,6651.85012919897,6701.39239130435,7472.8782014798,7483.42212825934,6367.76614699332,7272.51533742331,11097.8802736602,6489.22044088176,6459.02269503546,8898.03646833013,6534.11749515817,10564.3869731801,6570.32275132275
,,,,,,,6691.91194029851,6805.54581225407,,,,,7528.92177589852,6342.58017817372,7003.28629856851,11188.7696693273,6445.92384769539,6433.93546099291,8909.38387715931,6504.15881213686,10635.8860153257,6558.66666666667
