Condition,Number,Cell,DutyCycle,On/Off,RawNorm_AvgAmplitude,FoldChange_AvgAmplitude,RawNorm_PeakAmplitude,FoldChange_PeakAmplitude,NumOscillations
KO,1,Beta,0,0,127.0148213,1.018124943,259.7507163,1.03706628,32
KO,2,Beta,0,0,148.5321752,1.021095392,329.9954751,1.046867851,29
KO,3,Beta,0,0,158.7905688,1.022391206,325.7590966,1.045935594,32
KO,1,Delta,0.470238095,1,2791.914161,1.403095154,7838.642857,2.13173929,8
KO,2,Delta,0.279761905,1,450.143704,1.064830675,2754.103093,1.396651915,14
KO,3,Delta,0,0,175.5301784,1.024739007,345.6209913,1.048711396,29
KO,4,Delta,0.375,1,813.4999601,1.115555456,3303.276382,1.469221424,10
KO,5,Delta,0,0,150.7171989,1.02198017,1009.997647,1.147295201,15
KO,6,Delta,0,0,113.8312204,1.016585382,220.2164502,1.032085872,38
KO,7,Delta,0,0,250.4852109,1.037190545,1503.32716,1.223205022,23
KO,8,Delta,0,0,117.120784,1.017367134,216.9580273,1.032171397,36
KO,1,Beta,0.359550562,1,2673.050236,1.398578111,9672.297101,2.442234737,9
KO,2,Beta,0.494252874,1,3961.444216,1.588004181,9807.514894,2.455746804,13
KO,3,Beta,0.229885057,1,330.5689135,1.049290043,2928.090498,1.436597938,2
KO,4,Beta,0,0,91.15347952,1.013514602,201.437421,1.029865526,14
KO,5,Beta,0,0,193.2147091,1.028381125,2160.802083,1.317398166,1
KO,6,Beta,0,0,150.8613828,1.021987182,310.6244726,1.045271736,10
KO,7,Beta,0.261363636,1,466.5341682,1.069269932,4156.12585,1.617092109,5
KO,8,Beta,0.367816092,1,770.0551724,1.113917164,3917.99697,1.579604058,7
KO,9,Beta,0,0,104.1364127,1.01515689,229.8358531,1.033452245,13
KO,10,Beta,0,0,89.21651005,1.01294945,168.4879808,1.024455413,17
KO,11,Beta,0.540229885,1,3089.263227,1.439916736,10150.26718,2.445416618,8
KO,12,Beta,0,0,2669.968579,1.388537643,5276.004098,1.767771655,5
KO,13,Beta,0.126436782,1,320.3330586,1.047015705,2683.777344,1.393901537,4
KO,14,Beta,0,0,114.0512839,1.016664063,1623.519481,1.237212861,2
KO,15,Beta,0.195402299,1,607.6448539,1.089879949,7109.938931,2.051668495,5
KO,16,Beta,0,0,349.4718391,1.052516515,2442.981579,1.3671165,3
KO,17,Beta,0,0,133.3787507,1.020377488,1369.610487,1.209247886,1
KO,18,Beta,0,0,62.7074857,1.009687431,114.1888112,1.017640577,21
KO,19,Beta,0.556818182,1,1135.753551,1.177533876,5727.776042,1.895330046,11
KO,20,Beta,0.511363636,1,8286.687585,2.297982378,15847.52985,3.482272231,6
KO,21,Beta,0,0,114.4380878,1.017573964,1818.482759,1.279259746,3
KO,22,Beta,0,0,90.26807627,1.013728904,714.7972973,1.108713775,6
KO,1,Delta,0,0,3768.860251,1.290483737,7011.59882,1.540416808,1
KO,2,Delta,0,0,4471.477858,1.305584572,8042.984556,1.549664356,0
KO,3,Delta,0,0,2559.163116,1.16240737,4544.245232,1.288382914,3
KO,4,Delta,0,0,4704.192883,1.312206015,10013.27193,1.664556875,2
KO,5,Delta,0,0,114.5832042,1.017832606,1845.231061,1.287173656,2
KO,6,Delta,0.329545455,1,1783.499448,1.275141835,7463.417004,2.151387094,5
KO,7,Delta,0,0,2401.113212,1.36236966,3765.702955,1.568309937,5
KO,8,Delta,0.636363636,1,3154.675677,1.468351638,6479.902913,1.96202382,5
KO,9,Delta,0,0,145.7799976,1.021921237,1277.91129,1.19216214,6
KO,10,Delta,0,0,4829.613025,1.490787815,8313.231013,1.844794907,5
KO,11,Delta,0,0,56.72758805,1.008349746,108.094984,1.015910525,20
KO,12,Delta,0.545454545,1,2692.053781,1.389000041,7514.053097,2.085775841,5
KO,13,Delta,0,0,1043.27016,1.09080448,2217.566667,1.193013273,16
KO,14,Delta,0,0,1194.663571,1.17059137,2236.286149,1.319329331,6
KO,15,Delta,0,0,1601.377344,1.235572641,3500.737033,1.514980351,20
KO,16,Delta,0,0,2635.328455,1.160672565,4882.389796,1.297672986,21
KO,17,Delta,0.409090909,1,3470.234995,1.514313921,10539.22955,2.561990032,11
KO,18,Delta,0,0,1112.948341,1.067053004,2265.391691,1.136485506,19
KO,19,Delta,0,0,2511.745433,1.260961155,4705.40678,1.488874539,2
wt,1,Beta,0,0,329.552953,1.052683721,2175.371113,1.347763978,6
wt,2,Beta,0.411764706,1,3039.550177,1.48118125,8395.170891,2.329012053,15
wt,3,Beta,0.441176471,1,4021.884354,1.375705597,9948.97889,1.929387005,14
wt,4,Beta,0.485294118,1,3921.721696,1.5619801,9973.389121,2.429180001,16
wt,5,Beta,0,0,56.05732411,1.008971514,100.2117647,1.016038069,14
wt,6,Beta,0.455882353,1,7319.053193,1.621667845,19123.69956,2.624334294,12
wt,7,Beta,0,0,352.8884722,1.056635178,1787.35906,1.286853798,7
wt,8,Beta,0.441176471,1,1486.88121,1.238290476,5311.473498,1.85122708,10
wt,9,Beta,0.352941176,1,3114.272469,1.496398118,9322.309443,2.485925496,8
wt,10,Beta,0,0,1419.477333,1.17080046,2818.686645,1.339162143,14
wt,11,Beta,0.426470588,1,4266.792282,1.421286495,9682.290679,1.955991769,14
wt,12,Beta,0.485294118,1,4996.298861,1.765236783,11108.91126,2.701448963,9
wt,13,Beta,0,0,148.2501854,1.02392608,1933.416141,1.312033804,1
wt,14,Beta,0,0,6432.141162,1.237783454,11622.82029,1.429672529,12
wt,15,Beta,0,0,4716.828191,1.124338964,7262.408997,1.191442295,2
wt,16,Beta,0.367647059,1,4954.79314,1.547108414,14362.4645,2.585903782,2
wt,17,Beta,0.485294118,1,1190.847849,1.191483998,3845.688889,1.618372771,6
wt,18,Beta,0.544117647,1,7407.394512,1.716813104,18446.03171,2.785021335,5
wt,19,Beta,0.352941176,1,3598.702288,1.436349047,10357.38725,2.255851608,11
wt,20,Beta,0.25,1,544.023524,1.085549233,3322.85192,1.522527832,8
wt,21,Beta,0.25,1,388.0774116,1.062162976,2548.504866,1.408224347,4
wt,22,Beta,0.426470588,1,6657.244366,1.779123983,16156.02536,2.890804384,7
wt,23,Beta,0.485294118,1,4676.053729,1.435608319,9565.601307,1.891105138,13
wt,24,Beta,0.426470588,1,1447.679007,1.226669215,5071.8941,1.794127874,13
wt,25,Beta,0.25,1,565.6473799,1.090268803,3867.133188,1.617136217,4
wt,26,Beta,0.514705882,1,3272.758958,1.43018459,6604.508015,1.868123075,13
wt,27,Beta,0.558823529,1,5438.555392,1.495479666,11392.27001,2.037892921,12
wt,1,Delta,0,0,2605.179032,1.164328816,5179.969101,1.326740764,1
wt,2,Delta,0.397058824,1,2334.745549,1.367690911,5261.740286,1.828653075,17
wt,3,Delta,0,0,59.5894996,1.009492471,105.2873303,1.01677203,14
wt,1,Beta,0.427083333,1,4876.810682,1.512411644,10995.57673,2.155316849,5
wt,2,Beta,0.520833333,1,5217.489496,1.799557584,11661.26331,2.787037907,0
wt,3,Beta,0,0,2694.929051,1.23529446,5906.922039,1.515733812,12
wt,4,Beta,0.520833333,1,7874.182181,1.812749434,15080.15051,2.556527841,1
wt,5,Beta,0.395833333,1,997.976252,1.155868933,4827.615572,1.754001196,6
wt,6,Beta,0.5,1,4439.333713,1.692351672,10243.05529,2.597491183,4
wt,7,Beta,0.479166667,1,3252.52952,1.457633805,6740.524528,1.948397815,15
wt,8,Beta,0,0,49.40873981,1.007465584,96.54925373,1.014588443,26
wt,9,Beta,0,0,1419.720288,1.210194867,3375.06914,1.499691534,2
wt,10,Beta,0.385416667,1,6323.683396,1.953583868,24122.46296,4.637562178,1
wt,11,Beta,0.479166667,1,1093.294654,1.166239919,6917.935401,2.051900342,16
wt,12,Beta,0,0,278.5860847,1.042092567,2047.606522,1.309380185,10
wt,13,Beta,0.489583333,1,4321.089161,1.604009554,8812.186682,2.23178318,2
wt,14,Beta,0,0,3134.055608,1.419738362,5930.459479,1.794255642,0
wt,1,Delta,0,0,1863.312252,1.295142201,4286.041203,1.678894068,1
wt,2,Delta,0,0,1977.170852,1.312314355,4402.06544,1.695351253,15
wt,3,Delta,0,0,1833.703746,1.166581245,3888.541619,1.353251231,7
wt,4,Delta,0,0,50.50023759,1.007900124,118.6432866,1.018560243,29
wt,5,Delta,0,0,50.91519339,1.008002663,108.1631206,1.017000681,24
wt,6,Delta,0,0,4356.093041,1.496140383,8071.682342,1.919330127,0
wt,7,Delta,0.484536082,1,3080.049237,1.473550743,6097.954164,1.937546936,0
wt,8,Delta,0.494845361,1,4127.706166,1.390718948,8649.010536,1.818694976,1
wt,9,Delta,0.402061856,1,871.9362898,1.134871704,3450.37037,1.533705658,6