Beta_Cell1,Beta_Cell2,Beta_Cell3,Beta_Cell4,Beta_Cell5,Beta_Cell6,Beta_Cell7,Beta_Cell8,Beta_Cell9,Beta_Cell10,Beta_Cell11,Beta_Cell12,Beta_Cell13,Beta_Cell14,Beta_Cell15,Beta_Cell16,Beta_Cell17,Beta_Cell18,Beta_Cell19,Beta_Cell20,Beta_Cell21,Beta_Cell22,Delta_Cell1,Delta_Cell2,Delta_Cell3,Delta_Cell4,Delta_Cell5,Delta_Cell6,Delta_Cell7,Delta_Cell8,Delta_Cell9,Delta_Cell10,Delta_Cell11,Delta_Cell12,Delta_Cell13,Delta_Cell14,Delta_Cell15,Delta_Cell16,Delta_Cell17,Delta_Cell18,Delta_Cell19
6738.63768115942,7509.26808510638,9634.69683257919,6764.10872313527,6830.109375,6890.14767932489,6794.32653061224,7456.28484848485,6921.2030237581,6964.07451923077,16983.1984732824,11133.25,8165.15234375,6881.24350649351,6774.74809160305,9097.49473684211,7915.0074906367,6515.60839160839,6430.17708333333,6398.61194029851,6524.2183908046,6872.77195945946,19274.4808259587,21605.5366795367,19811.1961852861,24604.5350877193,6475.17803030303,6509.03643724696,6776.00933125972,6770.08414239482,6689.63978494624,11700.8037974684,6810.64461045891,14434.4991150442,12355.0259259259,8724.94368340944,8503.44873341375,16401.8571428571,6793.39318181818,17319.9465875371,14267.2082324455
11060.6304347826,8040.2085106383,8128.61990950226,6758.91276864728,6816.02604166667,6871.79324894515,6767.46598639456,6798.00909090909,6891.08207343413,6916.05288461538,16417.3015267176,10963.6270491803,8469.13671875,6887.58766233766,6760.62748091603,8767.31052631579,7780.5468164794,6499.79020979021,6951.14583333333,6397.07462686567,6513.28352490421,6786.26013513513,19441.48820059,21711.9794079794,19846.5585831063,24657.8289473684,6449.35606060606,6497.94736842105,7166.42612752722,6774.06472491909,6682.22849462366,11413.5759493671,6811.97865528282,14339.3557522124,12488.5,8809.87214611872,8602.62243667069,16673.693877551,6818.76136363636,17202.6142433234,14330.3849878935
16154.2420289855,7972.87234042553,8422.23755656109,6784.81921618205,6851.3125,6876.72573839662,6763.47619047619,6813.72121212121,6890.55291576674,6930.62019230769,17172.6488549618,11243.0901639344,9139.12890625,6867.23376623377,6783.37557251908,8962.64736842105,7710.69288389513,6504.85314685315,9488.25,6538.62686567164,6512.42528735632,6575.13851351351,19593.8864306785,21830.332046332,20301.9237057221,24726.2763157895,7649.67045454545,6511.76923076923,7785.41213063764,6746.34951456311,6664.51344086022,11976.8544303797,6800.38954108858,14148.9840707965,12569.2185185185,8791.61339421613,9191.75995174909,17938.8551020408,6800.40681818182,17422.9584569733,14217.2372881356
16118.7927536232,7308.54893617021,7111.35520361991,6745.30973451327,6807.859375,6910.34599156118,6781.48639455782,6779.54545454545,6909.40388768898,6960.36057692308,15375.9198473282,11454.2295081967,9360.3125,6867.43181818182,7979.32366412214,8973.38684210526,7013.09737827715,6496.30769230769,10054.703125,6413.0223880597,6523.67049808429,6581.22128378378,19837.110619469,22122.4427284427,20089.8828337875,25048.798245614,8270.7196969697,6519.3036437247,7465.49611197512,6756.50809061489,6673.22311827957,11361.3734177215,6802.96157950907,14211.5097345133,12406.9851851852,8915.16590563166,8577.51628468034,17297.5142857143,6797.07727272727,17488.1691394659,14153.7239709443
16378.7623188406,9327.28510638298,6735.81221719457,6754.07458912769,6825.0390625,6861.33333333333,6740.53741496599,6792.39393939394,6870.56587473002,6913.81971153846,16602.3396946565,11095.2540983607,9124.3137254902,6852.97727272727,6783.80152671756,8474.4552631579,7354.1797752809,6510.2027972028,7866.03125,6384.28358208955,6511.7969348659,6581.25506756757,19892.1533923304,22464.7528957529,20049.7166212534,25080.8640350877,6467.11742424242,6507.82591093117,7390.03265940902,6737.26537216828,6651.00806451613,11424.6898734177,6803.73212379936,14125.8584070796,12267.2074074074,9004.23896499239,8636.99276236429,17660.706122449,6747.30909090909,17647.6824925816,14089.7021791768
15920.1797101449,8213.4,6748.11312217195,6759.97977243995,6830.11979166667,6874.10126582278,6749.95238095238,6777.69393939394,6877.96976241901,6929.47596153846,15826.2748091603,11680.2991803279,9414.28346456693,6856.79545454545,6789.27480916031,8251.58684210526,6950.35205992509,6536.11188811189,6452.84895833333,6460.5447761194,6541.49042145594,6599.125,19797.6120943953,22391.3873873874,20000.3460490463,24903.5043859649,6483.57575757576,6518.55060728745,7828.26749611198,6763.61488673139,6659.80913978495,11715.3481012658,6802.37139807898,13951.0159292035,12636.7444444444,9100.05936073059,8851.09529553679,18223.4040816327,6803.11363636364,17843.3323442136,14112.9588377724
15865.0782608696,9042.89787234043,6719.85746606335,6747.30467762326,7346.8359375,6878.95780590717,6752.6768707483,6759.78181818182,6888.60475161987,6930.74038461538,16505.1908396947,11919.4221311475,9497.09765625,6891.03896103896,10442.093129771,8539.39736842105,6600.42696629214,6498.46153846154,6417.5,6408.24626865672,6552.12260536398,6577.95777027027,19986.0265486726,22675.5225225225,19852.621253406,25012.0701754386,6451.70075757576,6519.46153846154,7800.87558320373,6779.93203883495,6688.99193548387,11181.6202531646,6826.43970117396,13905.0123893805,12781.0333333333,9109.86910197869,8387.99396863691,17938.4530612245,6794.91590909091,17745.9881305638,14162.8062953995
15552.6188405797,8119.56595744681,6746.47963800905,6754.93299620733,8041.15885416667,6881.86075949367,6743.08503401361,6785.31212121212,6870.60475161987,6917.63221153846,16909.320610687,12147.8442622951,9178.5703125,6844.1461038961,6767.3572519084,6683.40526315789,6567.59925093633,6497.88111888112,6408.02604166667,7114.10447761194,6570.37931034483,6929.94256756757,19846.6091445428,22381.2947232947,20005.0899182561,24243.5657894737,6439.24621212121,6524.86639676113,8460.93468118196,6735.69902912621,6650.17204301075,11883.4082278481,6793.9295624333,13353.3840707965,13044.3481481481,8829.35464231355,8968.35223160434,19120.2857142857,6772.13863636364,18107.3056379822,14141.2276029056
12698.8391304348,8322.10638297872,6743.88235294118,6770.13147914033,8968.66145833333,6892.12658227848,6766.69387755102,8407.24242424242,6900.74298056155,6929.53846153846,14506.6183206107,11959.9262295082,7815.01953125,6861.4512987013,11366.7099236641,8131.58947368421,6578.58052434457,6473.07692307692,6397.390625,8365.23134328358,6541.92720306513,6821.72466216216,19713.8628318584,21995.4942084942,20143.2316076294,23882.4429824561,6428.23106060606,6508.24291497976,9244.25505443235,6761.33009708738,6666.01612903226,12323.5063291139,6796.43009605123,12748.1681415929,12952.0703703704,8564.06544901066,9399.01688781665,20030.2795918367,6805.21363636364,18279.6913946588,13990.5520581114
9783.9652173913,7096.47234042553,6706.60633484163,6744.81415929204,7690.15625,6902.67088607595,6779.08503401361,9095.07272727273,6913.48596112311,6944.61778846154,11635.606870229,12075.7459016393,6840.4375,6860.58766233766,12612.3099236641,7822.86578947368,6547.96629213483,6505.61538461538,6430.00520833333,6693.58955223881,8330.27969348659,6613.89527027027,19648.1002949853,22160.4877734878,19277.446866485,24183.1754385965,6458.01515151515,6513.63157894737,9021.12752721617,6750.65372168285,6673.11827956989,10900.6202531646,6798.70010672359,12571.1663716814,12887.2555555556,8668.26179604262,8901.10132689988,19440.8714285714,6809.02954545455,18095.3442136499,13935.1331719128
8161.25652173913,9297.08085106383,6724.51583710407,6777.70543615676,6863.703125,6888.43037974684,6735.01700680272,10477.7909090909,6883.40388768898,6931.74519230769,12957.7977099237,11625.7090163934,7711.92578125,6870.90584415584,12061.1221374046,8461.35,6553.62546816479,6480.34265734266,6407.01041666667,7270.17164179104,6575.5632183908,6624.57432432432,19386.6902654867,22004.268983269,19037.4959128065,23892.5745614035,6429.54545454545,6509.72874493927,9403.58942457232,6749.21035598705,6676.30107526882,11034.3196202532,6805.79082177161,11600.7876106195,13019.8259259259,8574.01826484018,9388.05548854041,20245.1081632653,6790.52727272727,18472.178041543,13708.4963680387
7944.04782608696,8188.81276595745,8210.19004524887,6780.06321112516,6874.68489583333,6919.43037974684,6761.41836734694,9580.68181818182,6909.53563714903,6934.63221153846,11239.1488549618,11686.0409836066,6861.9453125,6881.25649350649,11250.5282442748,7381.41578947368,6576.48314606742,6504.35664335664,6417.72395833333,6398.07462686567,6588.7816091954,6630.95439189189,18612.6415929204,21682.4954954955,17956.9400544959,23678.2280701754,6447.93181818182,6509.2955465587,8859.06065318818,6752.54368932039,6681.83064516129,9840.53164556962,6805.45677694771,11626.8619469027,12852.5481481481,8500.78538812785,8121.4523522316,18485.4571428571,6797.79318181818,17767.0178041543,13466.2590799031
7357.5768115942,8331.47234042553,9447.59728506787,6783.65360303413,6882.14322916667,6919.64135021097,6776.84693877551,6990.95454545455,6924.33045356372,6944.83653846154,9062.08396946565,11720.1680327869,6852.22265625,6861.97402597403,6770.5358778626,6654.51315789474,6545.39700374532,6490.40559440559,6573.75520833333,6390.5,6607.5632183908,6630.83277027027,18469.8731563422,21754.0167310167,17754.4359673025,23667.2543859649,6434.06439393939,6513.77327935223,8964.76516329704,6775.09061488673,6668.03494623656,10098.7088607595,6811.61045891142,11563.0389380531,12816.9777777778,8492.24048706241,7676.81423401689,18472.6408163265,6791.63863636364,17876.5163204748,13552.8305084746
7132.03043478261,7902.25106382979,9629.68099547511,6796.71302149178,6900.69270833333,6934.0970464135,6775.69047619048,8892.90606060606,6916.13390928726,6974.6875,9591.6679389313,11649.737704918,6882.44921875,6855.03246753247,6794.11603053435,6689.47105263158,6580.36329588015,6476.8041958042,7724.98958333333,7156.41044776119,6579.95019157088,6635.36824324324,18507.5693215339,21659.6602316602,17831.0926430518,23327.6447368421,6425.48863636364,6482.10931174089,9259.56920684292,6753.19741100324,6671.04032258064,11102.4525316456,6807.60939167556,10991.2495575221,12966.9222222222,8285.08371385084,7902.70205066345,18827.9612244898,6793.74545454545,18102.5994065282,13465.5084745763
6752.0884057971,8767.82553191489,8582.25791855204,6829.07079646018,6931.28645833333,6946.95358649789,6809.09183673469,6825.92727272727,6951.53347732181,6978.21634615385,8696.59541984733,10824.3073770492,6850.8671875,6852.17857142857,6788.10381679389,6701.20789473684,6577.67041198502,6525.03496503497,10179.0260416667,7134.08208955224,6612.64367816092,6649.93581081081,18284.1356932153,21726.619047619,17548.5749318801,23509.2456140351,7357.82954545455,6521.14574898785,9330.36858475894,6792.33656957929,6677.50268817204,11437.4620253165,6811.1750266809,10881.0389380531,13086.3074074074,8297.2800608828,7803.01930036188,18575.0897959184,6805.67954545455,17904.4599406528,13420.2953995157
6773.55217391304,10515.3276595745,8344.80995475113,6786.79266750948,6896.05729166667,6987.45991561181,6821.24149659864,6841.54242424242,6971.50539956803,7002.07932692308,10322.1450381679,10947.0491803279,6871.76953125,6873.65584415584,6792.0213740458,6687.10789473684,6590.73033707865,6531.97902097902,7435.15625,7357.64925373134,6610.01915708812,6654.83783783784,18421.5235988201,21750.9987129987,17504.8528610354,23454.7368421053,6467.61742424242,6514.09311740891,9416.64385692068,6760.95469255663,6685.81989247312,12157.6962025316,6825.83564567769,10946.0283185841,13252.462962963,8436.44596651446,7718.86248492159,18541.5693877551,6828.9,17781.3471810089,13549.7142857143
6752.54927536232,9912.69361702128,7867.14027149321,6811.40455120101,6906.50260416667,6937.05907172996,6797.28571428571,6805.26666666667,6936.7969762419,6989.49519230769,11233.1374045802,10873.8073770492,6995.69921875,6891.57792207792,6781.30229007634,6672.67631578947,6560.73782771536,6537.94405594406,6452.63541666667,8552.79104477612,6596.6091954023,6634.05236486487,18666.9808259587,21474.4015444015,17953.659400545,22897.2324561404,6479.43939393939,6531.51012145749,9675.20373250389,6798.33333333333,6708.9435483871,13042.9936708861,6837.46531483458,10738.4548672566,13238.7444444444,8404.96651445967,8568.42581423402,19483.6775510204,6811.84545454545,18298.4154302671,13514.6682808717
6706.4652173913,10809.7063829787,7739.61312217195,6789.90644753477,6898.14322916667,6974.16877637131,6778.58843537415,6812.47272727273,6928.22678185745,6933.23076923077,10104.0801526718,10577.7745901639,6841.01171875,6857.78571428571,6777.72824427481,6687.08684210526,6569.40074906367,6527.04895104895,6443.08333333333,8848.65671641791,6588.19923371647,6622.7179054054,18834.8584070796,21608.6138996139,18495.7683923706,22873.4605263158,6466.62121212121,6494.31983805668,9871.94401244168,6738.35275080906,6668.5188172043,13598.4746835443,6810.97972251868,10450.7681415929,13154.2333333333,8305.83713850837,9224.28950542823,20165.4612244898,7028.57045454545,18474.4836795252,13473.5060532688
14679.9463768116,10871.9489361702,6752.31674208145,6802.46144121365,6900.1171875,6937.3417721519,6770.7619047619,6822.87575757576,6921.65010799136,6947.86778846154,9945.93511450382,10290.8073770492,6900.51953125,6859.39285714286,6813.01984732824,6719.52368421053,6611.33707865169,6508.79020979021,6419.234375,8161.19402985075,6590.94636015326,6661.27364864865,18887.8421828909,21763.7696267696,18592.3324250681,23042.7105263158,6446.15909090909,6512.03238866397,9737.94556765163,6765.19093851133,6671.66397849462,13458.4208860759,6803.95410885806,11150.8194690265,12724.8037037037,8595.2602739726,8524.52231604343,19022.9489795918,6767.12045454545,18381.2551928783,13452.5859564165
15317.6927536232,12347.1106382979,6748.66063348416,6787.50063211125,6884.34375,6952.06329113924,6791.33673469388,6806.19090909091,6934.13822894168,6992.32211538462,12317.8129770992,10684.2786885246,7140.2734375,6924.0,9312.01526717557,8075.68157894737,6597.43071161049,6568.05594405594,6475.125,10329.2089552239,6609.10727969349,6633.8125,18895.1194690265,21368.7425997426,19045.9291553134,22308.7850877193,6508.75757575758,6530.85425101215,9876.21150855366,7036.39805825243,6732.57795698925,14911.1708860759,6854.55923159018,10198.8212389381,12933.9333333333,8349.95585996956,9705.2738238842,20680.8816326531,7997.00227272727,18733.7922848665,13125.6295399516
15085.6144927536,11647.7957446809,6764.73076923077,6816.50948166877,6913.51302083333,6921.42194092827,6790.39795918367,6816.9303030303,6926.03887688985,6951.39182692308,11056.0419847328,10784.5737704918,6847.7421875,7113.94805194805,6801.12366412214,7512.33421052632,6601.21348314607,6538.6993006993,6443.20833333333,9321.35074626866,6605.87356321839,6630.2347972973,18988.697640118,21571.157014157,18887.583106267,22576.6271929825,6472.65909090909,6530.53036437247,9733.96423017107,6739.17799352751,6695.81989247312,13931.3829113924,6828.40128068303,11248.2053097345,12467.8962962963,8680.18569254186,8230.65138721351,19149.2102040816,6791.79090909091,17695.703264095,13150.9733656174
13595.7289855072,10103.2468085106,6738.4185520362,6802.11504424779,6895.9921875,6984.62025316456,6802.3231292517,6809.45151515152,6947.33045356372,6968.20192307692,9079.0572519084,10544.5819672131,6881.8671875,7812.62987012987,6804.24122137405,6712.53947368421,6601.76779026217,6529.75524475524,6451.36458333333,9710.41791044776,6599.51340996169,6629.1097972973,18875.691740413,21156.8236808237,18689.4441416894,22072.850877193,6478.90909090909,6533.8016194332,9553.96578538103,6750.94822006473,6694.7688172043,12764.9905063291,6832.32870864461,11059.4283185841,12321.4666666667,8753.28462709285,8122.38600723764,18890.4857142857,6787.31136363636,17652.7744807122,12934.6707021792
10779.5623188406,8128.24680851064,6762.12669683258,6812.70796460177,6916.00520833333,6957.14345991561,6782.4693877551,8858.6,6927.70626349892,6948.13701923077,11603.8358778626,10684.631147541,6886.8203125,8467.66558441558,6792.28244274809,6875.33947368421,6601.56554307116,6539.32167832168,6460.80729166667,12826.947761194,6587.51724137931,6603.8902027027,18783.3731563422,20556.5881595882,19337.7329700272,21250.9912280702,6491.34848484848,6538.53846153846,9891.00466562986,6784.00647249191,6695.08870967742,13503.6962025316,6829.53895410886,10026.2123893805,12932.162962963,8488.26331811263,9332.76598311218,20590.5469387755,8321.6,18354.6646884273,12676.6779661017
7089.47826086957,11059.1404255319,6767.96606334842,6794.24399494311,6886.3046875,6969.56540084388,6795.30272108844,10520.0696969697,6936.43196544276,6971.19951923077,10566.4389312977,11628.5696721311,6897.12109375,6873.03896103896,6811.29160305344,6731.40526315789,6595.80524344569,6522.85314685315,6438.390625,8750.78358208955,6571.97318007663,6634.15033783784,19084.8171091445,21153.6023166023,18821.621253406,22380.7368421053,6469.08712121212,6509.87854251012,9534.75738724728,6794.76375404531,6681.63172043011,11997.1962025316,6817.96051227321,11462.2725663717,12454.5703703704,8996.19939117199,7687.99517490953,18885.293877551,6809.26590909091,17684.0771513353,12963.808716707
6750.55652173913,13257.8255319149,6757.72850678733,6790.13021491783,6886.453125,6944.0970464135,6794.78571428571,9829.92121212121,6929.39956803456,6949.01442307692,11867.4160305344,11109.5778688525,6815.58984375,6894.29545454545,6766.16183206107,6688.77631578947,6573.25093632959,6523.51048951049,6441.08333333333,8201.22388059702,6593.01915708812,6595.30743243243,19332.7020648968,21484.2741312741,19123.2833787466,22610.0394736842,6482.34090909091,6529.74493927126,9419.40124416796,6784.49514563107,6704.08064516129,11844.417721519,6847.83778014941,11976.389380531,12389.7925925926,9172.9497716895,7379.79131483715,18316.1612244898,6847.61363636364,17580.0267062315,12997.6755447942
6747.32463768116,11603.6595744681,6752.74660633484,6778.87610619469,6870.01302083333,6940.76371308017,6792.81972789116,9236.32121212121,6932.42332613391,6962.89903846154,9767.76717557252,11100.2909836066,6871.9453125,7962.3474025974,6828.22900763359,6741.67105263158,6599.3595505618,6507.13286713287,9998.375,11531.3059701493,6535.05363984674,6625.97635135135,19149.3657817109,21007.1608751609,19773.9128065395,21773.0350877193,6466.10984848485,6497.82186234818,10086.832037325,7357.74110032362,6657.52419354839,14047.3987341772,6805.29669156884,10718.8212389381,13356.5888888889,8814.65601217656,9340.00965018094,20816.5081632653,8245.79545454545,18863.4302670623,13051.6585956416
6758.8,13451.7446808511,7579.52941176471,6829.97850821745,6929.45833333333,6929.29113924051,6776.21428571429,8868.04848484848,6912.73002159827,6963.78125,11829.9847328244,10965.4672131148,6904.234375,7814.49350649351,6820.02748091603,6731.24473684211,6588.59925093633,6535.52447552448,11762.7291666667,9421.76865671642,6595.32183908046,6609.63513513513,19609.2212389381,21665.332046332,19654.659400545,22635.5,6476.91287878788,6516.6963562753,9784.20217729394,6792.05501618123,6708.55913978495,12951.0411392405,6850.30522945571,12028.3026548673,12760.3,9239.35768645358,7606.36911942099,18858.3755102041,6788.62272727273,18001.6231454006,13385.0702179177
6762.55797101449,10888.7191489362,8343.92533936652,6819.71807838179,6915.96354166667,6988.91139240506,6798.09863945578,8032.96363636364,6945.96112311015,6970.60336538462,10185.8167938931,11077.0655737705,6873.96875,6891.50324675325,6805.28396946565,6704.53947368421,6601.80524344569,6534.00699300699,6440.16145833333,14113.2014925373,6581.4061302682,7079.54560810811,19133.2020648968,20876.6023166023,20200.029972752,21356.1666666667,6482.24242424242,6492.22672064777,10378.5956454121,9170.51779935275,6688.16935483871,15214.1803797468,6830.60618996798,10495.996460177,13706.7592592593,8912.97260273973,9937.39445114596,21284.2469387755,8858.28181818182,18724.6142433234,13163.3535108959
6733.94347826087,15840.3574468085,7742.65610859729,6816.3185840708,6917.86979166667,6985.89873417722,6784.50680272109,6823.23333333333,6939.60259179266,6935.75961538462,13241.3625954198,10989.9836065574,7003.56640625,6906.41883116883,6831.77404580153,6736.26842105263,6603.46816479401,6517.00699300699,6426.01041666667,12861.9328358209,6562.54789272031,6613.94425675676,19082.1224188791,21015.2316602317,20006.2370572207,21174.8684210526,6464.97727272727,6521.74089068826,10185.367029549,9110.44336569579,6694.89784946237,14937.7310126582,6850.52187833511,10773.4300884956,13568.6518518519,8992.91324200913,9256.97587454765,20545.4795918367,7959.25681818182,18044.8456973294,12785.7602905569
9156.18260869565,12777.6127659574,7600.19004524887,6839.70164348925,6942.27083333333,6988.27426160338,6808.16666666667,6868.67878787879,6954.18574514039,6945.23557692308,11997.8282442748,11410.9549180328,6905.6328125,6872.41558441558,6838.0213740458,6771.51315789474,6645.85767790262,6512.03496503497,6424.15625,12822.171641791,6588.90038314176,6682.1570945946,19109.3643067847,21041.4015444015,20240.4768392371,20956.5877192982,6472.08333333333,6529.84615384615,10307.8258164852,9467.10355987055,6656.97580645161,15277.3829113924,6843.78014941302,11297.3716814159,13341.7888888889,9056.07610350076,8886.81182147165,19582.9265306122,7302.27045454545,17936.0771513353,12945.4430992736
14907.9101449275,13647.1234042553,6971.28959276018,6818.62958280657,6921.1328125,7014.6835443038,6836.7074829932,6851.08484848485,6977.33045356372,7022.40144230769,12697.3358778626,10575.5163934426,6875.6640625,6928.75649350649,7450.49618320611,6763.58684210526,6636.54307116105,6555.84615384615,8048.10416666667,11772.2164179104,7554.32567049808,6644.41891891892,18745.9867256637,20916.1068211068,20118.0708446866,21044.9342105263,6512.69318181818,6565.13765182186,10179.0311041991,9621.63430420712,6714.01344086022,14854.9240506329,6876.78868729989,11230.589380531,13249.0074074074,8995.13850837138,8637.84439083233,19075.2591836735,7133.57272727273,17597.943620178,12724.9588377724
14723.1898550725,15148.7872340426,6774.7850678733,6805.21238938053,6904.33072916667,6989.05485232068,6808.43537414966,6822.54848484848,6958.04967602592,6994.65625,12866.0687022901,10589.8729508197,6864.45703125,6928.60714285714,10914.7832061069,6764.88947368421,6628.53558052434,6532.83216783217,9788.640625,13899.5597014925,6595.3754789272,7289.83614864865,18185.0486725664,20284.2947232947,20188.8501362398,20248.8552631579,6493.54166666667,6550.48178137652,10391.8460342146,10704.786407767,6707.74731182796,15355.4936708861,6872.54215581644,10555.0212389381,13565.462962963,8866.78234398782,9657.66344993969,20307.3183673469,8836.59090909091,18025.178041543,12636.416464891
13452.5246376812,14850.0808510638,6753.56561085973,6784.28950695322,6889.14583333333,6974.54852320675,6805.89795918367,6815.98484848485,6941.55507559395,6977.22596153846,12058.427480916,9912.23360655738,6886.046875,6922.43506493507,13870.5664122137,6748.15789473684,6625.30337078652,6526.90909090909,11610.1770833333,12470.1641791045,6601.49425287356,6970.26689189189,18216.814159292,20499.5250965251,19687.7738419619,20783.2105263158,6483.08712121212,6536.17408906883,10181.7838258165,9805.87378640777,6707.75537634409,14685.9493670886,6859.35965848453,11119.8123893805,13015.2296296296,8845.400304414,8795.31966224367,19507.406122449,7679.02272727273,17454.9851632047,12823.5351089588
12387.1260869565,8708.38723404255,6780.54298642534,6818.94816687737,6922.71875,6942.97046413502,6785.68367346939,6838.29393939394,6920.5788336933,6956.44951923077,11830.5916030534,9715.80737704918,6853.8515625,6926.46428571429,12513.6763358779,6716.01578947368,6588.97752808989,6555.13286713287,7011.40104166667,14251.8880597015,6583.95019157088,6630.7027027027,17599.901179941,19833.5984555985,19514.0054495913,19943.9166666667,6509.86363636364,6543.69230769231,9999.300155521,9772.35275080906,6713.88978494624,15226.3481012658,6862.74919957311,10879.1876106195,12788.9333333333,8713.66362252664,8578.99517490953,18484.9755102041,8019.69090909091,17053.9376854599,12638.7723970944
12541.6217391304,7321.01276595745,6798.68325791855,6855.55372945638,6964.59895833333,6988.23628691983,6802.66326530612,6866.55151515152,6947.95032397408,6985.74519230769,10478.2786259542,8958.34836065574,6891.87890625,6901.65909090909,9040.06564885496,6766.15789473684,6639.41947565543,6531.23776223776,6431.984375,13451.5149253731,6565.19157088123,6789.58108108108,17548.4218289086,19803.9858429858,19319.0708446866,19947.9385964912,6474.40151515152,6506.17408906883,10016.7713841369,9885.36245954693,6684.80913978495,15382.6518987342,6855.08004268943,10888.1132743363,12613.537037037,8677.00761035008,8671.11942098914,18113.6775510204,7970.96136363636,17038.7270029674,12641.1186440678
7347.22463768116,6872.28085106383,6741.9185520362,6794.27560050569,6901.76041666667,7029.96202531646,6836.08843537415,6790.3,6990.08639308855,7017.53605769231,12347.0763358779,9039.98360655738,6876.15625,6928.82142857143,6827.59236641221,6745.36842105263,6615.93632958801,6569.85314685315,6491.81770833333,11151.3059701493,6606.35632183908,6617.19087837838,17777.7551622419,20142.9768339768,18919.9727520436,20458.3201754386,6525.10984848485,6558.87449392713,9792.37169517885,9410.76375404531,6713.84139784946,14877.8164556962,6881.37673425827,11471.0300884956,12138.4222222222,8709.65753424657,7843.83353437877,17003.0469387755,7030.55227272727,16623.2759643917,12829.0556900726
6742.09855072464,6742.64680851064,6780.69683257919,6822.64728192162,6932.35677083333,6985.96624472574,6781.37414965986,6826.08181818182,6917.7969762419,6936.13701923077,11219.320610687,9158.38114754098,6895.94140625,6899.14285714286,6831.85954198473,6746.78421052632,6632.59925093633,6549.27972027972,6458.93229166667,16824.7164179104,6586.83908045977,6639.33108108108,16814.9911504425,18878.583011583,19642.9564032698,18476.9035087719,6498.28409090909,6543.66396761134,9882.24883359254,12154.6504854369,6691.14784946237,17072.0316455696,6845.98932764141,9417.44778761062,13203.4333333333,8276.81278538813,10298.5440289505,19900.4755102041,11011.7363636364,17731.9851632047,12141.9975786925
6779.84057971014,9514.06382978723,6790.73755656109,6846.47661188369,6951.55208333333,7004.62447257384,6814.00340136054,6828.99393939394,6957.55507559395,6975.66586538462,10843.7595419847,9220.24180327869,7092.03515625,6925.9512987013,6838.22595419847,6764.55,6646.85018726592,6542.91608391608,6451.00520833333,13849.8059701493,6591.12643678161,6635.11148648649,17309.5486725664,19551.0012870013,19369.7901907357,19487.6578947368,6498.20075757576,6529.46153846154,10068.33437014,11262.928802589,6707.2688172043,16267.6518987342,6875.00106723586,10800.6371681416,12283.1222222222,8555.37442922374,8708.04825090471,18201.4551020408,8477.91363636364,16992.9554896142,12416.6392251816
6785.83188405797,14497.7021276596,6790.12895927602,6843.35524652339,6953.33333333333,7026.20675105485,6831.2925170068,6858.35757575758,6981.30453563715,6980.64423076923,10728.2404580153,9458.34836065574,6891.3984375,6930.28246753247,6857.31603053435,6764.47368421053,6634.29588014981,6565.65734265734,6467.640625,13059.2388059701,6590.86206896552,6646.74831081081,17433.8657817109,19780.268983269,19301.1525885559,19890.9868421053,6517.67424242424,6551.15789473684,9973.50544323484,11083.9482200647,6714.77956989247,16290.9778481013,6873.22091782284,11041.0884955752,12011.6185185185,8627.83105022831,8535.69119420989,18234.9775510204,8353.79090909091,17179.9970326409,12522.7651331719
6824.08115942029,13715.9446808511,6766.13122171946,6818.02402022756,6924.13020833333,7022.49367088608,6822.16666666667,8943.23939393939,6975.61123110151,7020.09615384615,10422.6946564885,8555.61885245902,6866.2734375,6944.22727272727,6831.75419847328,6771.03947368421,6631.40823970037,6560.52447552448,6458.83854166667,13359.1343283582,6598.08812260536,6861.91554054054,17509.5663716814,19914.2895752896,19416.0626702997,19892.6929824561,6509.12121212121,6561.7975708502,10029.8102643857,11256.1585760518,6714.99731182796,16563.6930379747,6890.99573105656,10774.7079646018,12385.337037037,8709.69406392694,9062.47165259349,19114.4142857143,9307.11363636364,17663.1691394659,12507.2542372881
6772.02028985507,15435.3744680851,6789.64932126697,6847.26042983565,6963.421875,6996.5358649789,6794.07482993197,10677.7787878788,6941.6717062635,6964.69951923077,11667.8778625954,9589.90573770492,6871.16015625,6912.56493506493,6859.49923664122,6793.15,6646.34456928839,6565.23776223776,6457.69791666667,14374.8805970149,6995.69348659004,7063.3277027027,17281.0265486726,19638.4491634492,19477.6376021798,19760.6929824561,6509.74242424242,6518.44129554656,10167.5878693624,11788.2621359223,6686.39247311828,17171.5379746835,6861.48345784418,10386.2637168142,12642.9814814815,8523.24657534247,9504.34016887817,19981.1183673469,10238.3636363636,18060.0,12293.004842615
10236.6202898551,16088.229787234,6779.90950226244,6796.57901390645,6906.08072916667,7030.61181434599,6826.04081632653,9484.71212121212,6982.70842332613,6973.70432692308,12277.3015267176,9663.25,6978.37890625,6921.23376623377,6816.45954198473,6750.59210526316,6623.32958801498,6585.05594405594,7214.55208333333,16383.223880597,6606.86973180077,6609.75168918919,16729.7699115044,19033.87001287,19410.9863760218,19394.9868421053,6529.89015151515,6561.34817813765,10030.9362363919,12242.6925566343,6695.50806451613,17113.4746835443,6879.23372465315,10151.1840707965,12467.537037037,8433.01217656012,9489.41857659831,20013.5081632653,10551.5113636364,18082.4480712166,12131.607748184
12516.1869565217,16101.2808510638,6765.44117647059,6822.32237673831,6928.63541666667,6970.30379746835,6801.7074829932,9824.22424242424,6953.20518358531,6960.26201923077,11154.7977099237,9358.33606557377,7159.734375,6907.96753246753,6832.72519083969,6773.01315789474,6645.68539325843,6557.37762237762,7341.859375,16032.5447761194,6565.21455938697,6617.1570945946,16732.1179941003,18985.0463320463,19281.795640327,19431.7280701754,6507.51136363636,6552.1983805668,10025.4541213064,11307.2491909385,6685.75537634409,16810.246835443,6855.41728922092,10523.7292035398,12003.2185185185,8405.67579908676,8769.59227985525,19289.9265306122,9417.89772727273,17944.7448071217,12058.0314769976
12352.2434782609,14848.4638297872,6741.22171945701,6795.9620733249,6901.32552083333,7003.59071729958,6804.55782312925,9153.9,6958.33909287257,6968.28365384615,11626.3969465649,8849.35655737705,6813.3203125,6923.01298701299,6783.4213740458,6733.55,6603.12734082397,6565.7972027972,9052.55729166667,13976.3955223881,6583.14176245211,6575.03885135135,16735.9749262537,19123.9845559846,18916.408719346,19743.1096491228,6507.29924242424,6546.80971659919,9875.80248833592,10973.5113268608,6690.27150537634,16523.7246835443,6865.1408751334,10585.4194690265,11964.8,8420.86149162862,8714.9794933655,19086.5632653061,8885.14318181818,17592.4421364985,12080.4648910412
11855.315942029,12042.429787234,6742.73076923077,6793.54235145386,6901.03645833333,6988.71729957806,6766.3843537415,7629.76666666667,6924.8120950324,6923.38701923077,10713.3702290076,8755.6393442623,6818.171875,6868.60714285714,6818.46259541985,6768.03947368421,6614.22471910112,6536.93706293706,7892.38541666667,12838.0223880597,6530.31034482759,6612.18412162162,16705.9837758112,19181.2638352638,18586.3460490463,19730.1973684211,6487.49242424242,6511.45344129555,9710.30482115086,10753.2103559871,6650.98924731183,16171.4018987342,6817.86872998933,10472.7345132743,11875.7222222222,8394.10350076104,8399.0,18598.6387755102,7930.07954545455,17164.3026706231,12080.5859564165
6721.94637681159,13631.114893617,6753.2963800905,6815.37547408344,6920.34114583333,6966.27848101266,6785.08503401361,8031.47878787879,6931.90928725702,6889.59855769231,10816.3091603053,8913.4631147541,7830.375,6904.46753246753,6802.31755725191,6768.64210526316,6635.76029962547,6499.7972027972,8749.11458333333,16959.723880597,6570.60153256705,6599.22297297297,16234.1681415929,18471.4144144144,19033.5585831063,18845.0570175439,6460.33333333333,6507.35222672065,9659.24883359254,12191.0614886731,6676.98924731183,17016.6772151899,6860.17182497332,9038.74159292035,12818.562962963,8173.83257229833,9639.92400482509,20018.7918367347,10614.2590909091,17535.6350148368,11811.3535108959
6776.00869565217,8596.5914893617,6767.07239819005,6829.06321112516,6936.078125,6995.84388185654,6791.57142857143,6839.35151515151,6946.56155507559,6974.09855769231,11878.3320610687,9162.95081967213,6887.6796875,6905.73701298701,6827.31297709924,6785.77368421053,6627.99625468165,6532.67132867133,7173.421875,13879.5746268657,6568.73946360153,6601.71283783784,16841.2743362832,19164.2072072072,18699.5367847411,19622.3596491228,6495.06439393939,6546.25101214575,9656.49455676516,11285.7669902913,6678.62365591398,16459.1265822785,6835.87193169691,9980.65486725664,12141.4888888889,8294.64535768645,8347.64294330519,18739.8428571429,8353.36818181818,17231.9554896142,12121.5230024213
6799.34492753623,7248.08936170213,6804.99773755656,6857.79772439949,6979.56510416667,7017.97046413502,6797.91836734694,6866.51818181818,6955.24622030238,7013.48798076923,11446.0267175573,9354.27049180328,7058.87890625,6899.06493506493,6822.07022900763,6777.11842105263,6641.46441947566,6519.23076923077,6442.78125,13766.4029850746,6592.32567049808,6621.01351351351,16874.4587020649,19460.3603603604,18963.0871934605,20075.8464912281,6487.67424242424,6510.76518218623,9756.96111975117,11123.8155339806,6668.34408602151,16432.2943037975,6843.78548559232,10120.8353982301,12032.4888888889,8433.88432267884,8300.04945717732,18937.8346938776,8399.12272727273,17561.9673590504,12340.6585956416
6804.51594202899,6882.05957446808,6788.84615384615,6859.66245259166,6990.7109375,7052.32489451477,6850.31292517007,6842.2696969697,7008.09287257019,7003.75721153846,10699.393129771,9290.86475409836,6878.59765625,6922.88311688312,6830.13893129771,6745.42368421053,6616.85393258427,6563.27272727273,8449.671875,15932.7985074627,6581.95019157088,6643.56418918919,16942.0486725664,19245.3655083655,19304.4332425068,19732.75,6527.62121212121,6563.56680161943,9890.34059097978,11895.430420712,6695.49193548387,17503.4272151899,6863.3393810032,9640.52389380531,12571.0222222222,8417.80213089802,9208.46803377563,19856.4775510204,9819.675,18173.1958456973,12139.3583535109
6784.78260869565,16544.6170212766,6758.76696832579,6829.3615676359,6954.171875,7047.52742616034,6844.39455782313,6831.16363636364,7009.19870410367,6979.41346153846,10744.4045801527,8805.05737704918,6855.98828125,6922.16883116883,6824.01374045802,6785.82631578947,6626.46441947566,6532.48951048951,10751.765625,20272.6044776119,6567.75862068965,6625.22804054054,16639.7994100295,18590.954954955,19903.1253405995,18564.8947368421,6491.35984848485,7580.51821862348,9556.91446345257,13215.6019417476,7792.70430107527,18153.7626582278,6882.99252934899,8305.65486725664,13396.7148148148,8342.47336377473,10253.8214716526,20835.6591836735,12149.0704545455,18795.2255192878,11936.3365617433
12303.6753623188,15099.6425531915,6788.89819004525,6842.82806573957,6965.22395833333,7032.18143459916,6796.52040816327,6834.89393939394,6955.92872570194,6966.27403846154,10720.5114503817,9168.02459016393,6895.24609375,6910.37012987013,6819.22290076336,6756.73684210526,6611.62546816479,6532.52447552448,11224.5260416667,14749.7313432836,6584.8275862069,6627.62331081081,17061.1873156342,19369.7348777349,18797.2343324251,20031.2412280702,6492.4696969697,6529.19433198381,9910.21306376361,11174.2944983819,6682.74462365591,16705.0094936709,6866.74279615795,10131.7646017699,12133.6888888889,8599.14764079148,8480.79010856454,19328.5081632653,9027.65909090909,17525.1038575668,12434.2445520581
13141.2869565217,14767.6723404255,6784.35294117647,6857.15297092288,6980.703125,7038.20675105485,6845.88095238095,6826.84848484848,7005.22894168467,6973.80769230769,9699.85877862595,9224.66803278689,6879.17578125,6918.21428571429,6830.60305343511,6787.78684210526,6652.58426966292,6549.55244755245,6854.5,17140.5671641791,6569.89272030651,6704.19594594595,16826.0029498525,18886.9163449163,19123.9891008174,19132.4912280702,6513.01515151515,6530.23076923077,9970.86780715397,11580.5954692557,6695.15053763441,17228.8734177215,6866.90181430096,9121.00707964602,12608.4851851852,8466.38812785388,9591.68636911942,20364.3918367347,10972.3295454545,18371.8575667656,12297.2493946731
12345.4362318841,9265.96170212766,6762.56787330317,6844.18331226296,6966.50520833333,7039.50210970464,6845.43537414966,6830.95454545455,7011.15982721382,6982.33413461538,10159.572519084,8824.02459016393,6877.90625,6923.01948051948,6816.10381679389,6779.32368421053,6631.4456928839,6537.58041958042,6455.08854166667,17471.2313432836,6593.65517241379,6598.74831081081,16447.4970501475,18511.6731016731,18555.242506812,18503.7105263158,6499.50378787879,6674.41295546559,9584.97356143079,11164.1003236246,6703.43548387097,16452.9778481013,6870.52081109925,8441.65309734513,12516.4185185185,8152.70471841705,9398.15681544029,19696.7632653061,11193.2636363636,18055.6409495549,11679.593220339
10886.9753623188,9874.56595744681,6784.39592760181,6851.38558786346,6973.23697916667,7047.89029535865,6814.86734693878,6838.1696969697,6983.10151187905,6981.46875,8802.80152671756,8825.81967213115,6903.20703125,6882.69805194805,6838.15114503817,6786.99736842105,6639.25468164794,6563.06293706294,6474.92708333333,18942.9701492537,6593.98850574713,6621.01351351351,16157.389380531,18029.8442728443,18702.863760218,18189.4561403509,6528.07196969697,7892.93522267206,9367.97045101089,11946.71197411,6670.23924731183,16842.4082278481,6831.7129135539,7085.60707964602,13017.4925925926,8067.51445966514,10181.8733413752,20530.8632653061,12985.9181818182,18642.3382789318,11498.6053268765
7515.66086956522,13974.3319148936,6784.63574660633,6874.3615676359,7000.54166666667,7049.30379746835,6837.63605442177,6855.0,7007.59827213823,7001.18028846154,8069.09923664122,8655.77049180328,6901.44921875,6908.59415584416,6845.9572519084,6804.05526315789,6645.08239700375,6561.16083916084,6474.47916666667,18975.828358209,6613.11494252874,6628.05236486487,15999.3421828909,18104.6692406692,18497.1198910082,18304.9429824561,6531.13636363636,7582.28340080972,9504.31415241058,11570.0873786408,6696.84408602151,16061.7310126582,6853.84098185699,7965.36637168142,12545.5888888889,8157.400304414,8978.37997587455,19812.606122449,11354.5,17833.471810089,11738.1355932203
6804.58260869565,9846.24255319149,6803.05656108597,6864.60556257901,6986.01302083333,7079.11814345992,6835.80952380952,6871.36060606061,7012.0475161987,7018.33173076923,7083.17938931298,8802.59836065574,6931.66015625,6907.91233766234,6852.49465648855,6817.16578947368,6663.47940074906,6515.91608391608,6448.51041666667,18790.1417910448,6610.95019157088,6641.24831081081,15948.3185840708,18191.5315315315,18223.2016348774,18395.7456140351,6496.23106060606,7660.53036437247,9694.3032659409,11445.359223301,6698.5188172043,15801.7784810127,6871.63073639274,8044.38407079646,12345.037037037,8163.66210045662,8873.98069963812,19570.2571428571,10844.3113636364,17549.1958456973,11773.2590799031
6810.42463768116,11618.9531914894,6778.91628959276,6858.85082174463,6987.87760416667,7066.0970464135,6845.75170068027,8169.52121212121,7020.93304535637,7028.11538461538,7096.32061068702,8796.31147540984,6940.328125,6931.51948051948,6844.79083969466,6800.86842105263,6651.19850187266,6551.00699300699,6472.875,16586.828358209,6637.53256704981,6649.10472972973,15727.9926253687,18282.1737451737,17613.4713896458,18496.7412280702,6521.62878787879,6556.14170040486,9658.75427682737,11043.3980582524,6703.22580645161,15467.1613924051,6874.28815368196,8505.84955752212,11816.5444444444,8057.11567732116,7783.82750301568,18123.8204081633,9560.59318181818,16762.884272997,11706.0532687651
6812.28550724638,15647.7106382979,6775.90045248869,6850.201011378,6978.59895833333,7063.54852320675,6838.77210884354,9860.81515151515,7010.30021598272,7023.39903846154,9484.36641221374,8986.2868852459,6873.3515625,6946.0551948052,6806.79083969466,6767.87631578947,6609.11610486891,6546.78321678322,6475.21875,17366.6044776119,6615.69731800766,6615.68412162162,15318.6607669617,17792.8082368082,17402.9073569482,17931.8289473684,6520.44696969697,7068.5991902834,9331.38102643857,11400.6245954693,6722.59408602151,15548.5949367089,6872.69797225187,7908.23362831858,11861.3888888889,7883.5098934551,8139.88299155609,18535.3285714286,10082.4090909091,16783.3234421365,11425.1138014528
6784.59565217391,14387.4680851064,6795.10859728507,6867.6814159292,6994.42708333333,7048.75949367089,6833.76530612245,9807.73636363636,6999.17494600432,6987.30048076923,7373.03435114504,8910.51639344262,6893.5625,6903.60064935065,6856.12519083969,6775.31315789474,6622.30711610487,6523.83216783217,6450.06770833333,17374.223880597,6596.64750957854,6643.7027027027,15228.8775811209,17939.0283140283,17380.4713896458,17870.3947368421,6495.56060606061,7347.45748987854,9268.56454121306,11170.9158576052,6681.2876344086,15357.7689873418,6841.57097118463,7973.6796460177,11736.1888888889,7744.35464231355,7923.15922798552,18450.1897959184,9561.20227272727,16598.0385756677,11279.7772397094
10847.2869565217,14413.9191489362,6792.73755656109,6855.55625790139,6980.09635416667,7072.70464135021,6942.81632653061,8717.40606060606,7013.6090712743,6996.86538461538,7326.41603053435,8720.55327868853,6921.5390625,6917.40584415584,6870.72671755725,6804.75,6644.57303370786,6513.34965034965,7968.09375,18839.7313432836,6614.92337164751,6640.38851351351,15054.6666666667,17567.6872586873,17600.9918256131,17473.2763157895,6494.42045454545,8318.76923076923,9122.98911353033,11329.7378640777,6693.74193548387,15116.4715189873,6872.75773745998,7479.83362831858,11714.7444444444,7753.18417047184,8172.65018094089,18742.5714285714,10483.5568181818,16608.762611276,11337.617433414
10443.3550724638,13629.2553191489,6745.11538461538,6843.5208596713,6965.24739583333,7061.194092827,6845.40476190476,8076.25757575758,7009.78617710583,7013.97836538462,7050.97709923664,8523.69262295082,6870.609375,6926.61038961039,6818.45038167939,6758.01315789474,6606.62921348315,6550.23076923077,9540.72916666667,19900.5671641791,6622.19157088123,6617.61486486487,15021.907079646,17382.0038610039,17501.2207084469,17350.6228070175,6530.00757575758,9256.73684210526,8822.26905132193,11523.1779935275,6717.43010752688,15295.0601265823,6879.8249733191,7222.40707964602,12193.1148148148,7765.30745814307,8238.24607961399,18918.9755102041,10927.7431818182,16948.8308605341,11286.3026634383
9970.32173913044,11847.4042553191,6782.67194570136,6866.41845764855,6989.48697916667,7035.84388185654,6807.76870748299,7266.69696969697,6970.31101511879,6952.91826923077,7022.38167938931,7646.4631147541,6885.6875,6901.82142857143,6799.84122137405,6765.70526315789,6617.04119850187,6549.88111888112,9172.109375,19668.171641791,6585.29118773946,6609.38513513513,15129.9911504425,17734.963963964,17507.6239782016,17677.7412280702,6526.22348484848,9318.78947368421,9021.99377916019,11410.0647249191,6686.54569892473,15172.3291139241,6850.29669156884,7352.62123893805,12324.7037037037,7849.61491628615,7857.55247285887,19033.6979591837,10862.7909090909,17099.118694362,11521.3147699758
9106.36086956522,7873.02978723404,6803.09502262443,6877.66750948167,7006.66145833333,7071.27848101266,6846.48639455782,7853.67575757576,7005.69114470842,6988.16105769231,7059.64503816794,8781.06557377049,6906.484375,6883.71753246753,6873.58778625954,6808.61315789474,6654.83520599251,6516.25874125874,6440.74479166667,21333.9253731343,6576.91954022988,6642.94932432432,14941.1533923304,17270.2072072072,17422.3841961853,17009.2149122807,6494.73484848485,10804.8663967611,8464.17107309487,12127.3430420712,6673.92204301075,15690.9493670886,6833.47065101387,6940.6796460177,12742.8074074074,7648.31811263318,8602.40651387213,20132.1755102041,13076.9931818182,17585.4065281899,11141.0460048426
6787.4652173913,6790.05531914894,6757.52941176471,6858.42857142857,6987.9921875,7079.02953586498,6900.98299319728,7462.09090909091,7024.85529157667,7000.53365384615,7064.19083969466,8999.33196721311,6890.08203125,6919.08441558442,6829.00305343511,6798.03684210526,6646.15355805243,6558.30769230769,6485.55208333333,20294.6865671642,6636.93869731801,6617.21114864865,14891.01179941,17478.963963964,17379.7411444142,17386.0701754386,6534.76136363636,10071.032388664,8932.6500777605,11582.854368932,6706.10752688172,15174.8481012658,6883.44610458911,6954.41238938053,12316.4074074074,7643.39269406393,7866.70928829916,19399.4469387755,12169.3931818182,17202.0652818991,11193.1598062954
6764.40289855072,6760.70212765957,6768.17873303167,6874.91276864728,6999.63802083333,7057.86075949367,6814.68367346939,6854.16060606061,6987.73218142549,6952.99759615385,7050.39312977099,9152.30737704918,6892.8046875,6903.78896103896,6839.6106870229,6781.25,6645.32958801498,6522.75524475524,9340.73958333333,19297.8731343284,6599.71647509579,6614.36993243243,14751.802359882,17438.166023166,17006.7629427793,17406.9649122807,6495.27651515152,9345.90688259109,8924.25505443235,11339.1294498382,6683.40322580645,15323.1360759494,6849.34258271078,7372.61592920354,11847.9,7545.05631659056,7475.62726176116,19006.3163265306,11668.0386363636,16693.9970326409,11050.2808716707
6793.60289855072,6943.5914893617,6756.81674208145,6849.59418457649,6977.31510416667,7080.5358649789,6827.41836734694,6820.08181818182,6997.37580993521,7001.44471153846,7041.88167938931,9508.18442622951,6907.875,6904.44155844156,6841.96946564885,6781.87368421053,6636.75655430712,6533.78321678322,12125.1666666667,20300.7910447761,6596.15708812261,6638.06587837838,14666.6666666667,17079.4607464607,17014.0435967302,17159.6140350877,6498.72348484848,9985.12145748988,8706.72939346812,11730.2491909385,6689.22043010753,15446.1202531646,6846.29562433298,7136.9982300885,12111.0444444444,7446.51902587519,8100.23039806996,19277.0489795918,12824.2113636364,17068.3798219585,10915.5447941889
6785.93768115942,6772.79574468085,6787.50678733032,6866.64475347661,6985.41927083333,7063.91139240506,7725.36734693878,6857.62121212121,6992.343412527,6990.0,7028.88549618321,9649.09836065574,6890.0546875,6935.67857142857,7066.40305343511,6785.90789473684,6623.17602996255,6563.08391608392,6897.96354166667,19137.3358208955,6592.55938697318,6620.05574324324,14551.1548672566,17150.0411840412,16783.1852861035,17040.0964912281,6527.81060606061,9264.40890688259,8853.09020217729,11126.0291262136,6703.68010752688,15244.6993670886,6874.3159018143,7599.53628318584,11716.7740740741,7459.04414003044,7402.00844390832,18541.9510204082,11851.1454545455,16785.3175074184,10938.181598063
9953.79420289855,13630.9106382979,6752.24208144796,6884.05562579014,7011.9921875,7072.50632911392,8867.71768707483,6831.6696969697,7009.21598272138,6988.81730769231,7058.67175572519,8722.00819672131,6911.8203125,6916.45779220779,6828.61526717557,6787.59736842105,6642.5468164794,6539.8951048951,6457.75520833333,21443.0447761194,6606.94636015326,6631.37331081081,14431.3643067847,16591.3127413127,17088.1580381471,16612.4912280702,6508.75,11488.1052631579,8320.79471228616,12147.7572815534,6808.13172043011,15766.8702531646,6852.26574172892,6957.00353982301,12424.6148148148,7473.18873668189,8798.29071170084,19679.0448979592,15021.0909090909,18119.9821958457,10463.9685230024
9644.65797101449,12754.6468085106,6811.55656108597,6884.55625790139,7016.38020833333,7096.46835443038,6830.81292517007,6887.11818181818,7007.94168466523,6999.17067307692,7069.23282442748,8702.30327868853,6910.4609375,6916.66558441558,6863.26717557252,6789.74736842105,6640.65917602996,6535.77622377622,6471.92708333333,19141.1044776119,6597.43295019157,6659.09966216216,14333.4336283186,16974.0347490347,16695.9209809264,17198.5614035088,6512.21212121212,9960.30769230769,9050.75583203732,11036.9805825243,6697.29838709677,15113.4113924051,6858.33297758805,6956.51681415929,11880.3518518519,7364.72450532725,7356.05307599518,18609.4816326531,12582.9340909091,17385.2433234421,10766.5786924939
9916.27391304348,12705.0127659574,6764.83257918552,6851.13780025284,6983.04427083333,7075.45991561181,6879.10544217687,6830.88484848485,7043.36501079914,7005.26442307692,7045.06106870229,8127.70901639344,6888.60546875,6943.09415584416,6835.2320610687,6785.42894736842,6623.26217228464,6560.18181818182,6476.69270833333,21603.0447761194,6605.7816091954,6625.03716216216,14309.0707964602,16482.3474903475,17088.6376021798,16429.850877193,6533.5,12492.3643724696,8046.00933125972,12123.9611650485,7109.20430107527,15652.3607594937,6899.36712913554,6979.45132743363,12462.2740740741,7500.4703196347,8518.34016887817,19658.5632653061,15456.6659090909,18149.8783382789,10541.7094430993
6761.93043478261,13287.8127659574,6821.62443438914,6910.45638432364,7046.47135416667,7054.83544303797,6822.2074829932,6889.70606060606,6997.81425485961,6964.85817307692,7103.0534351145,8502.50819672131,6952.265625,6917.60714285714,6889.72519083969,6841.06052631579,6675.70786516854,6553.48951048951,6471.81770833333,20393.0746268657,6599.45593869732,6670.2195945946,14724.5693215339,17137.3191763192,17260.9400544959,17374.8552631579,6516.71590909091,11369.8097165992,8994.37636080871,11894.8673139159,6700.25537634409,15351.3860759494,6860.24119530416,6945.14513274336,12201.6,7628.35616438356,7660.36188178528,19430.6897959184,13809.9045454545,17808.4599406528,11131.9757869249
6820.77101449275,12706.7617021277,6750.42986425339,6900.73451327434,7031.71875,7111.71308016878,9246.31972789116,6816.13636363636,7060.9848812095,7024.63221153846,7059.64122137405,8067.69672131148,6908.3125,6962.71753246753,6861.68396946565,6797.07368421053,6625.37827715356,6587.26573426573,6511.26041666667,20624.1417910448,6650.7662835249,6639.7179054054,14735.9749262537,17261.7644787645,17229.3051771117,17493.7763157895,6553.67803030303,11595.2874493927,8998.37947122862,12176.0226537217,6736.58602150538,15535.3259493671,6900.61579509072,6998.89911504425,12413.2037037037,7756.67123287671,7824.7599517491,19830.2551020408,14360.9818181818,18387.0445103858,11103.2615012107
6775.16086956522,8107.45957446809,6796.93891402715,6892.06447534766,7019.64322916667,7107.60337552743,10891.1428571429,6879.58484848485,7026.46004319654,6987.35817307692,7064.11450381679,8525.80327868853,6941.9765625,6925.79220779221,6816.91908396947,6784.72368421053,6633.61423220974,6540.55944055944,6468.796875,19760.4104477612,6629.96551724138,6637.23648648649,14481.1460176991,17334.5199485199,17198.068119891,17419.1754385965,6510.85984848485,11231.2267206478,9083.29393468118,11647.9741100324,6699.92204301075,15362.3069620253,6869.93383137673,6960.32389380531,12392.5407407407,7743.81735159817,7347.27864897467,19125.5551020408,13439.525,18308.9673590504,11207.3656174334
9830.74637681159,6766.48936170213,6806.5814479638,6905.50442477876,7045.59375,7100.79324894515,10578.5,6874.66363636364,7045.04103671706,7005.77403846154,7089.27480916031,6890.86475409836,6939.859375,6938.62012987013,6869.75267175572,6832.37368421053,6658.00374531835,6542.21678321678,7233.08333333333,21831.1492537313,6592.030651341,6652.0929054054,14445.8053097345,16787.0978120978,17113.9564032698,16779.548245614,6507.00378787879,12503.0607287449,8223.48367029549,12620.0258899676,7784.8252688172,15873.8670886076,6866.28815368196,6967.57699115044,13348.5888888889,7581.67427701674,8501.56332931242,19732.3591836735,15952.225,18701.7210682493,10722.7602905569
9264.15507246377,6770.47659574468,6787.12669683258,6902.7218710493,7041.91927083333,7109.92405063291,6879.47619047619,6866.61515151515,7068.96544276458,7017.66105769231,7063.79007633588,9052.29098360656,6903.80859375,6932.43831168831,6848.62290076336,6814.41578947368,6646.2734082397,6564.65734265734,10533.8958333333,21517.3805970149,6639.76245210728,6637.27027027027,14140.2138643068,16536.7142857143,16767.7029972752,16703.2543859649,6536.17424242424,12712.4372469636,8069.35769828927,12257.2621359223,7355.95698924731,15339.5063291139,6885.14727854856,6979.44247787611,12909.1851851852,7497.42617960426,7962.84559710495,19334.7346938776,15367.1431818182,18245.8961424332,10703.5133171913
10132.852173913,6737.10212765957,6744.33484162896,6861.68900126422,6992.80729166667,7111.4388185654,9073.44217687075,6824.56363636364,7046.32181425486,7004.88221153846,7049.79389312977,8264.79508196721,6864.83984375,6926.76623376623,6850.23358778626,6790.65,6637.88389513109,6559.83216783217,11899.2760416667,22231.8134328358,6624.64367816092,6623.94425675676,14024.9572271386,16370.4002574003,16780.9291553134,16718.0175438596,6529.5946969697,13349.3441295547,7968.06376360809,11928.7055016181,7429.2123655914,15044.8765822785,6866.54322305229,6970.24778761062,13040.5814814815,7593.36073059361,8010.1025331725,19476.5408163265,15730.6681818182,18230.2818991098,10843.8280871671
8435.90724637681,9369.54468085106,6784.88235294118,6911.71175726928,7050.92447916667,7061.15611814346,9753.66666666667,6860.15757575758,7005.2505399568,6989.28846153846,7083.35496183206,8550.31967213115,6952.40234375,6889.42207792208,6875.58167938931,6816.01315789474,6656.47940074906,6554.3006993007,7073.63541666667,22199.1641791045,6602.23754789272,6668.42398648649,13871.302359882,16261.8236808237,16797.0653950954,16601.6315789474,6517.81818181818,13262.983805668,7739.4898911353,12000.6375404531,7641.19086021505,15383.1803797468,6858.81109925293,6943.04247787611,13030.2407407407,7408.10350076104,7962.87334137515,19348.3959183673,16177.2636363636,18417.3560830861,10566.8208232446
6794.64202898551,12809.370212766,6794.82805429864,6897.6801517067,7031.640625,7119.61181434599,6862.69727891156,6860.38787878788,7055.18574514039,7012.97115384615,7078.8893129771,8264.59426229508,6916.890625,6948.58441558442,6866.10076335878,6828.12105263158,6676.81647940075,6569.41258741259,6482.35416666667,19978.1641791045,6638.66283524904,6649.72297297297,13629.4719764012,16402.0759330759,16472.2888283379,16610.0701754386,6540.5303030303,11831.9109311741,8186.3732503888,11031.1844660194,6721.73924731183,15066.7341772152,6901.6787620064,6968.36637168142,12438.4074074074,7292.35768645358,6956.917973462,18207.6326530612,14503.6295454545,17657.9198813056,10720.5956416465
6810.44202898551,12590.1021276596,6776.8371040724,6891.28445006321,7017.59114583333,7086.48101265823,6876.15646258503,8835.60606060606,7072.99568034557,7038.74038461538,7065.3320610687,7293.28278688525,6911.01171875,6940.18181818182,6837.13435114504,6793.51315789474,6633.35580524345,6556.39160839161,6484.09375,19615.5074626866,6642.1877394636,6632.93918918919,13443.4336283186,15993.954954955,16301.6076294278,16309.2456140351,6537.71590909091,11918.7246963563,8053.07309486781,11124.3915857605,6728.65053763441,14938.2246835443,6881.70010672359,6963.19646017699,12179.9185185185,7183.18112633181,7026.87816646562,18056.0897959184,14510.7840909091,17580.0474777448,10567.2251815981
6788.09130434783,11226.3617021277,6772.13122171946,6892.49683944374,7023.98177083333,7090.81012658228,8779.18027210884,7853.76363636364,7035.70194384449,6998.76442307692,7062.58396946565,7568.1762295082,6932.25,6926.13961038961,6857.4534351145,6803.46052631579,6645.04868913858,6522.02797202797,6440.94270833333,19929.7014925373,6608.36398467433,6642.625,13446.3672566372,15660.9420849421,16350.931880109,16117.8903508772,6512.14015151515,12483.004048583,7774.9066874028,10742.3171521036,6710.52956989247,15066.7594936709,6866.08110992529,6954.6017699115,12251.6111111111,7159.08066971081,7273.9107358263,17900.2632653061,15379.3136363636,17340.0148367953,10219.7675544794
8234.05072463768,11052.1191489362,6767.76923076923,6880.06194690266,7006.7734375,7088.37130801688,8787.09863945578,8217.65151515152,7045.06911447084,6990.75721153846,7064.80152671756,7221.2131147541,6896.875,6914.54220779221,6814.80152671756,6771.02368421053,6606.77153558052,6555.57342657343,6914.078125,21606.6119402985,6617.46743295019,6623.94425675676,13432.4262536873,15129.4800514801,16180.5013623978,15330.0263157895,6530.87121212121,13262.7732793522,6626.14307931571,11684.2330097087,7928.08333333333,15489.0221518987,6880.54535752401,6920.44601769912,12793.8777777778,7106.12328767123,8146.03256936068,18642.306122449,17286.5386363636,17942.6172106825,9624.97820823245
9751.51884057971,10584.170212766,6795.21719457014,6896.76738305942,7029.63541666667,7083.22784810127,6838.15306122449,6884.30909090909,7026.57667386609,6979.62980769231,7068.62213740458,6871.84016393443,6934.5859375,6896.16233766234,6858.43053435115,6803.68421052632,6652.02996254682,6516.18181818182,9628.22395833333,19842.1044776119,6586.5632183908,6649.88851351351,13459.6032448378,15580.268983269,15933.3732970027,15631.6535087719,6485.24242424242,12538.1376518219,7496.80559875583,10931.1229773463,6975.09139784946,15462.8386075949,6851.29562433298,6935.99469026549,12003.5333333333,7131.75646879756,7089.51749095296,17996.7469387755,15416.4431818182,17346.3264094955,10118.8329297821
8383.81449275362,10586.4085106383,6797.90497737557,6926.29329962073,7062.65625,7101.26160337553,6865.66666666667,6892.1303030303,7055.39740820734,7000.99038461538,7089.03816793893,6893.38114754098,6918.81640625,6940.85064935065,6853.68702290076,6805.48157894737,6631.89887640449,6532.41258741259,9965.83854166667,20063.4179104478,6619.73946360153,6637.86148648649,13339.5265486726,15376.0669240669,15972.1307901907,15597.0570175439,6515.20075757576,12626.1052631579,7451.70451010886,11221.6310679612,7247.30107526882,15520.3607594937,6890.82177161153,6987.19115044248,11854.4814814815,7143.99695585997,6961.33413751508,17888.0163265306,15119.15,17409.8367952522,10113.5036319613
6818.63043478261,11382.2893617021,6811.96832579186,6925.38305941846,7060.23177083333,7132.32067510548,9051.15986394558,6904.47878787879,7074.49244060475,7040.13942307692,7047.75954198473,6936.58196721311,6948.46875,6923.04220779221,6876.14809160305,6814.98947368421,6647.11235955056,6531.02797202797,9509.921875,19637.5597014925,6613.90038314176,6657.59966216216,13100.0663716814,15090.2522522523,15921.029972752,15564.7236842105,6506.0946969697,12724.1052631579,7410.28304821151,11249.5210355987,7484.52956989247,15557.0411392405,6877.0939167556,6960.32743362832,11888.1777777778,7146.4398782344,6966.49577804584,18158.4591836735,15188.0090909091,17286.2106824926,10217.9782082324
6815.83333333333,9402.9914893617,6800.77601809955,6945.76991150443,7085.74739583333,7140.64556962025,9218.83673469388,6881.14848484849,7079.90496760259,7034.59134615385,7125.17938931298,6955.28278688525,6929.98828125,6935.8474025974,6869.70229007634,6829.62368421053,6654.50187265918,6545.78321678322,6461.48958333333,19795.0298507463,6618.75862068965,6640.57094594595,13145.7625368732,14988.7181467181,15850.4114441417,15282.0087719298,6523.10606060606,12719.5425101215,7305.88958009331,11371.0485436893,7070.99731182796,15759.7848101266,6902.02454642476,6968.29380530973,11662.5185185185,7215.77168949772,6797.80699638118,18061.3,15122.0045454545,17077.5341246291,10203.6150121065
6829.75072463768,6895.62978723404,6810.44796380091,6934.27180783818,7066.421875,7171.95780590717,9151.64285714286,6872.98787878788,7077.8444924406,7052.61538461538,7094.52671755725,6880.95901639344,6921.71484375,6941.97402597403,6865.47938931298,6808.81052631579,6656.43071161049,6561.48251748252,6474.40104166667,20455.3955223881,6620.29118773946,6630.59628378378,13138.7197640118,14959.3680823681,15901.5558583106,15291.2587719298,6542.51136363636,13091.2388663968,7118.37636080871,11352.7572815534,6905.22043010753,15627.7974683544,6884.29669156884,6987.3221238938,11666.7222222222,7201.41248097413,6967.62123039807,18378.8918367347,15753.6795454545,17342.2225519288,9856.00484261501
8493.94782608696,6803.08510638298,6839.4592760181,6946.25158027813,7078.0625,7129.36286919831,9684.15986394558,6920.47878787879,7088.84881209503,7032.10336538462,7080.49236641221,6895.52049180328,6935.25390625,6904.21103896104,6859.98167938931,6816.67105263158,6653.68913857678,6574.55244755245,7905.65104166667,19646.5820895522,6605.08429118774,6627.2179054054,13072.4321533923,15231.9806949807,15818.7138964578,15564.8596491228,6547.72348484848,12764.5141700405,7564.45256609642,10718.8414239482,6697.54838709677,15595.4936708861,6877.11205976521,6967.52389380531,11489.1925925926,7184.39421613394,6799.96622436671,17905.5040816327,14726.3704545455,17050.8456973294,10257.4963680387
9097.05072463768,,,,,7145.07172995781,9026.48299319728,,7100.40172786177,7058.08653846154,,,,6924.65584415584,,,,6560.36363636364,8295.80729166667,20720.9552238806,6609.31800766284,,12974.4277286136,14632.537966538,15757.6784741144,15067.5921052632,6539.95454545455,13945.5263157895,6721.94867807154,11443.6343042071,7393.62365591398,15569.003164557,6870.97545357524,6985.78938053097,12073.0037037037,7003.07153729072,7280.86851628468,18939.2714285714,16548.0681818182,17677.703264095,9803.46246973366
8100.06086956522,,,,,,,,,,,,,,,,,,,,,,,,,,,,,,,,,,,,,,,,
